,Unnamed: 0,Unnamed: 0.1,tags,rgbs,urls,r,g,b
0,2,2,car, 89.95288086 107.97330078 133.98902344,https://farm5.staticflickr.com/4896/33048717898_4255b6382b_n.jpg,89.95288086,107.97330078,133.98902344
1,3,3,car,70.31540039 70.29773438 70.17874023,https://farm8.staticflickr.com/7867/31983009797_a7175fd792_n.jpg,70.31540039,70.29773438,70.17874023
2,4,4,car,63.80402344 63.80402344 63.80402344,https://farm5.staticflickr.com/4807/31982985267_762913b084_n.jpg,63.80402344,63.80402344,63.80402344
3,5,5,car,189.86760742 190.38689453 190.4265918 ,https://farm5.staticflickr.com/4841/46924042811_0d4efd48a9_n.jpg,189.86760742,190.38689453,190.4265918
4,6,6,car,52.97858542 48.82923197 45.49086991,https://farm5.staticflickr.com/4916/31982937397_42aff3dbef_n.jpg,52.97858542,48.82923197,45.49086991
5,7,7,car,148.45330078 148.45330078 148.45330078,https://farm8.staticflickr.com/7881/31982928357_6e185df926_n.jpg,148.45330078,148.45330078,148.45330078
6,9,9,car,110.04507813 106.0428418  112.52213867,https://farm8.staticflickr.com/7811/46009782805_077c00b9d5_n.jpg,110.04507813,106.0428418,112.52213867
7,10,10,car, 89.95288086 107.97330078 133.98902344,https://farm5.staticflickr.com/4896/33048717898_4255b6382b_n.jpg,89.95288086,107.97330078,133.98902344
8,11,11,car,70.31540039 70.29773438 70.17874023,https://farm8.staticflickr.com/7867/31983009797_a7175fd792_n.jpg,70.31540039,70.29773438,70.17874023
9,12,12,car,63.80402344 63.80402344 63.80402344,https://farm5.staticflickr.com/4807/31982985267_762913b084_n.jpg,63.80402344,63.80402344,63.80402344
10,13,13,car,189.86760742 190.38689453 190.4265918 ,https://farm5.staticflickr.com/4841/46924042811_0d4efd48a9_n.jpg,189.86760742,190.38689453,190.4265918
11,14,14,car,52.97858542 48.82923197 45.49086991,https://farm5.staticflickr.com/4916/31982937397_42aff3dbef_n.jpg,52.97858542,48.82923197,45.49086991
12,15,15,car,148.45330078 148.45330078 148.45330078,https://farm8.staticflickr.com/7881/31982928357_6e185df926_n.jpg,148.45330078,148.45330078,148.45330078
13,17,17,car,26.86232422 26.86232422 26.86232422,https://farm8.staticflickr.com/7882/46009614735_d09d2baa69_n.jpg,26.86232422,26.86232422,26.86232422
14,21,21,car,81.96667994 80.72927946 81.31675955,https://farm5.staticflickr.com/4901/31982749597_709a53343e_n.jpg,81.96667994,80.72927946,81.31675955
15,22,22,car,160.43412109 163.69677734 149.85451172,https://farm8.staticflickr.com/7826/31982700177_cff52fe566_n.jpg,160.43412109,163.69677734,149.85451172
16,23,23,car,148.94123047 148.94123047 148.94123047,https://farm8.staticflickr.com/7885/46198904394_b37674b53d_n.jpg,148.94123047,148.94123047,148.94123047
17,24,24,car,134.96790039 134.96790039 134.96790039,https://farm8.staticflickr.com/7800/46198904224_267e22608d_n.jpg,134.96790039,134.96790039,134.96790039
18,25,25,car,138.09210938 138.09210938 138.09210938,https://farm8.staticflickr.com/7840/46198904114_74c420fecf_n.jpg,138.09210938,138.09210938,138.09210938
19,26,26,car,134.68296875 134.68296875 134.68296875,https://farm5.staticflickr.com/4892/46198903784_ed8784eeaf_n.jpg,134.68296875,134.68296875,134.68296875
20,27,27,car,124.81658203 124.81658203 124.81658203,https://farm5.staticflickr.com/4810/46198903614_6d761df939_n.jpg,124.81658203,124.81658203,124.81658203
21,28,28,car,93.84006836 95.13837891 80.60265625,https://farm5.staticflickr.com/4823/46871623112_d3618c0c1f_n.jpg,93.84006836,95.13837891,80.60265625
22,30,30,car,149.22999023 147.76588867 146.29134766,https://farm8.staticflickr.com/7877/46198772144_f6de361291_n.jpg,149.22999023,147.76588867,146.29134766
23,32,32,car,162.75674805 110.90695313 112.36438477,https://farm5.staticflickr.com/4805/46923606601_a98cb22967_n.jpg,162.75674805,110.90695313,112.36438477
24,34,34,car,96.31866211 94.22729492 80.40318359,https://farm8.staticflickr.com/7897/31982445907_6614774e83_n.jpg,96.31866211,94.22729492,80.40318359
25,35,35,car, 99.99881356 108.96323093  98.30565678,https://farm8.staticflickr.com/7838/39958720843_c1083e428e_n.jpg,99.99881356,108.96323093,98.30565678
26,36,36,car,103.76293945  82.13942383  64.53808594,https://farm8.staticflickr.com/7845/46009076045_1ecdaba863_n.jpg,103.76293945,82.13942383,64.53808594
27,37,37,car, 90.62009921  96.19202381 109.40600198,https://farm8.staticflickr.com/7859/46923339541_5655f46834_n.jpg,90.62009921,96.19202381,109.40600198
28,38,38,car,130.71873926 130.71873926 130.71873926,https://farm5.staticflickr.com/4861/39958573603_c12c10deaa_n.jpg,130.71873926,130.71873926,130.71873926
29,40,40,car,107.31236328 102.4965918   94.77756836,https://farm8.staticflickr.com/7900/46198480264_3b5f3f1822_n.jpg,107.31236328,102.4965918,94.77756836
30,41,41,car,156.25439453 148.51767578 149.38744141,https://farm8.staticflickr.com/7832/39958573263_604ba065b7_n.jpg,156.25439453,148.51767578,149.38744141
31,45,45,car,27.9003418  28.43208984 16.36085938,https://farm5.staticflickr.com/4861/39958462443_a2d902ede0_n.jpg,27.9003418,28.43208984,16.36085938
32,46,46,car,142.5044195  145.85176982 147.00118325,https://farm5.staticflickr.com/4854/46198351564_19b2cd1a4c_n.jpg,142.5044195,145.85176982,147.00118325
33,47,47,car,127.81911133 127.81911133 127.81911133,https://farm8.staticflickr.com/7845/46923195261_eb66cde93b_n.jpg,127.81911133,127.81911133,127.81911133
34,48,48,car,150.96301917 152.25441294 150.2839357 ,https://farm5.staticflickr.com/4839/46198309964_c9c1a8fcc0_n.jpg,150.96301917,152.25441294,150.2839357
35,49,49,car,119.70105188 119.70105188 119.70105188,https://farm5.staticflickr.com/4894/46869794192_a4e0dea570_n.jpg,119.70105188,119.70105188,119.70105188
36,50,50,car,146.18871094 123.67749023 113.66467773,https://farm5.staticflickr.com/4806/39958268103_ef977312a2_n.jpg,146.18871094,123.67749023,113.66467773
37,51,51,car,82.59210938 96.2562207  99.52820313,https://farm8.staticflickr.com/7802/46870870042_c7d7d48aac_n.jpg,82.59210938,96.2562207,99.52820313
38,52,52,car,75.20341797 64.29017578 49.80015625,https://farm5.staticflickr.com/4910/46198156544_e15620d087_n.jpg,75.20341797,64.29017578,49.80015625
39,54,54,car, 85.06193648 101.28808402 101.64896516,https://farm5.staticflickr.com/4914/31981873777_fcd3938a59_n.jpg,85.06193648,101.28808402,101.64896516
40,55,55,car,49.18495117 46.45207031 42.3653418 ,https://farm5.staticflickr.com/4888/46922976271_423bc87be1_n.jpg,49.18495117,46.45207031,42.3653418
41,57,57,car,127.04360269 123.8676452  111.96829756,https://farm5.staticflickr.com/4887/46198026504_318c95913e_n.jpg,127.04360269,123.8676452,111.96829756
42,60,60,car,116.55102539 103.08560547 102.72773437,https://farm8.staticflickr.com/7922/46870633962_127e72e5e8_n.jpg,116.55102539,103.08560547,102.72773437
43,61,61,car,135.58115234 138.77943359 139.08976563,https://farm5.staticflickr.com/4917/46197945334_f25e00268a_n.jpg,135.58115234,138.77943359,139.08976563
44,62,62,car,106.57664062  91.98483398  87.76961914,https://farm5.staticflickr.com/4905/31981700417_de30d5198b_n.jpg,106.57664062,91.98483398,87.76961914
45,63,63,car,94.60697266 85.68222656 80.16058594,https://farm5.staticflickr.com/4836/46870633692_2b98b84ec6_n.jpg,94.60697266,85.68222656,80.16058594
46,64,64,car,151.12283203 136.55246094 128.89719727,https://farm5.staticflickr.com/4895/31981699607_734d083625_n.jpg,151.12283203,136.55246094,128.89719727
47,65,65,car,85.30989258 60.66733398 74.71636719,https://farm8.staticflickr.com/7845/31981698957_3a3bd9f54e_n.jpg,85.30989258,60.66733398,74.71636719
48,66,66,car,103.02119431  89.38737624  86.94375   ,https://farm5.staticflickr.com/4820/46197939304_dccf605f01_n.jpg,103.02119431,89.38737624,86.94375
49,67,67,car,103.02119431  89.38737624  86.94375   ,https://farm5.staticflickr.com/4902/31981688997_601353e2a1_n.jpg,103.02119431,89.38737624,86.94375
50,68,68,car,103.02119431  89.38737624  86.94375   ,https://farm8.staticflickr.com/7854/46870614222_a9530f7a22_n.jpg,103.02119431,89.38737624,86.94375
51,69,69,car,141.61492187 134.59382812 120.80609375,https://farm5.staticflickr.com/4829/46197834654_22400c6866_n.jpg,141.61492187,134.59382812,120.80609375
52,76,76,car,120.8715625  146.91376953 186.80883789,https://farm8.staticflickr.com/7859/46870447142_5a92bf6364_n.jpg,120.8715625,146.91376953,186.80883789
53,77,77,car, 89.67979984 107.14123775  93.08309845,https://farm5.staticflickr.com/4901/46008275895_2b6460e2b2_n.jpg,89.67979984,107.14123775,93.08309845
54,78,78,car,90.82301604 84.49221834 76.79698808,https://farm8.staticflickr.com/7908/46870409282_7156864ae6_n.jpg,90.82301604,84.49221834,76.79698808
55,79,79,car,105.88574405 105.88574405 105.88574405,https://farm5.staticflickr.com/4807/33047195298_6d25643230_n.jpg,105.88574405,105.88574405,105.88574405
56,86,86,car,81.99413414 67.67892442 77.53158223,https://farm8.staticflickr.com/7803/46922432621_428a18e5bb_n.jpg,81.99413414,67.67892442,77.53158223
57,87,87,car,63.84479492 64.22496094 66.31983398,https://farm8.staticflickr.com/7830/46870256192_bbcecf20bc_n.jpg,63.84479492,64.22496094,66.31983398
58,88,88,car,115.19341937 110.63297782 108.94457125,https://farm8.staticflickr.com/7827/33047031428_b90630c9c1_n.jpg,115.19341937,110.63297782,108.94457125
59,91,91,car,117.37764648 134.44741211 150.06427734,https://farm5.staticflickr.com/4846/39957560563_094a957216_n.jpg,117.37764648,134.44741211,150.06427734
60,92,92,car,101.12402778  92.52144841  83.64775794,https://farm8.staticflickr.com/7831/46007977945_8891f28827_n.jpg,101.12402778,92.52144841,83.64775794
61,96,96,car,78.40253906 81.79268555 86.50862305,https://farm8.staticflickr.com/7840/46007932865_20ed034cde_n.jpg,78.40253906,81.79268555,86.50862305
62,97,97,car, 98.51675    111.84003125 121.43413542,https://farm8.staticflickr.com/7842/33046908668_245f95520d_n.jpg,98.51675,111.84003125,121.43413542
63,98,98,car, 96.63740111  92.70963212 100.3508307 ,https://farm8.staticflickr.com/7895/31981077107_6c3c2191d9_n.jpg,96.63740111,92.70963212,100.3508307
64,102,102,car,111.72506836 105.62466797  72.93529297,https://farm8.staticflickr.com/7802/46197178474_5120415dfe_n.jpg,111.72506836,105.62466797,72.93529297
65,103,103,car,118.70305664 135.31689453 155.90515625,https://farm5.staticflickr.com/4820/31980866947_b3524f90a7_n.jpg,118.70305664,135.31689453,155.90515625
66,111,111,car,143.80625977 142.97385742 139.65933594,https://farm8.staticflickr.com/7839/46007658185_b12ab4ba11_n.jpg,143.80625977,142.97385742,139.65933594
67,112,112,car,143.88268555 144.72445312 145.17706055,https://farm5.staticflickr.com/4825/46007657885_ab5d9a6412_n.jpg,143.88268555,144.72445312,145.17706055
68,113,113,car,64.59728516 62.21004883 53.57470703,https://farm5.staticflickr.com/4900/46007630045_6b91e27c5b_n.jpg,64.59728516,62.21004883,53.57470703
69,114,114,car, 99.95172852 118.67449219 112.63386719,https://farm5.staticflickr.com/4852/31980727297_b69a23e308_n.jpg,99.95172852,118.67449219,112.63386719
70,119,119,car,103.73969727 112.32512695 116.44634766,https://farm5.staticflickr.com/4827/33046498058_68b1cd5a6d_n.jpg,103.73969727,112.32512695,116.44634766
71,120,120,car,81.13282252 75.20558894 66.07309696,https://farm5.staticflickr.com/4821/46921868451_2d03908403_n.jpg,81.13282252,75.20558894,66.07309696
72,121,121,car,96.92411885 96.7982377  82.23359631,https://farm8.staticflickr.com/7908/46921871521_aa3d9659c9_n.jpg,96.92411885,96.7982377,82.23359631
73,122,122,car,101.57402038  87.74576803  76.11355799,https://farm5.staticflickr.com/4908/46921870691_4117c5b61c_n.jpg,101.57402038,87.74576803,76.11355799
74,126,126,car,156.58868164 159.87709961 155.72151367,https://farm8.staticflickr.com/7805/46007436765_72130efc0b_n.jpg,156.58868164,159.87709961,155.72151367
75,129,129,car,163.43866211 146.9109082  140.76222656,https://farm5.staticflickr.com/4855/46007421215_f234414232_n.jpg,163.43866211,146.9109082,140.76222656
76,130,130,car,150.61194336 150.51375    157.92782227,https://farm5.staticflickr.com/4878/46921773381_21e06d4674_n.jpg,150.61194336,150.51375,157.92782227
77,131,131,car, 92.57748047  96.56847656 111.30774414,https://farm8.staticflickr.com/7859/46921804871_0572899abf_n.jpg,92.57748047,96.56847656,111.30774414
78,138,138,car,126.55161133 139.90323242 123.23706055,https://farm5.staticflickr.com/4896/33046276068_ff8afa3d1f_n.jpg,126.55161133,139.90323242,123.23706055
79,141,141,car,111.32052837 138.3631065  176.17435238,https://farm8.staticflickr.com/7822/46869331702_af7f310f28_n.jpg,111.32052837,138.3631065,176.17435238
80,143,143,car,121.12362376  99.42006416  71.59614031,https://farm5.staticflickr.com/4842/46921486941_1aea7aeab5_n.jpg,121.12362376,99.42006416,71.59614031
81,149,149,car,143.09385742 128.40660156 122.78553711,https://farm8.staticflickr.com/7927/46921462101_064f41587f_n.jpg,143.09385742,128.40660156,122.78553711
82,154,154,car,176.84987305 171.67595703 167.32391602,https://farm5.staticflickr.com/4875/31980076397_c507d7c62d_n.jpg,176.84987305,171.67595703,167.32391602
83,155,155,car,67.80425781 61.9224707  70.47536133,https://farm5.staticflickr.com/4894/46006823265_136e95c4a0_n.jpg,67.80425781,61.9224707,70.47536133
84,156,156,car,118.60218849 104.74101932  94.85014787,https://farm8.staticflickr.com/7915/46921173741_428e522090_n.jpg,118.60218849,104.74101932,94.85014787
85,157,157,car,103.2930205   98.61827681  84.69826498,https://farm5.staticflickr.com/4841/33045690108_e4008254ab_n.jpg,103.2930205,98.61827681,84.69826498
86,158,158,car,123.99876774 120.34244874 115.80275039,https://farm8.staticflickr.com/7849/46921172221_585e17a4ff_n.jpg,123.99876774,120.34244874,115.80275039
87,159,159,car,122.65902667 117.9832703  108.22386545,https://farm5.staticflickr.com/4903/31979939787_ea33a73d47_n.jpg,122.65902667,117.9832703,108.22386545
88,160,160,car, 88.03456171 102.59795597  89.53528892,https://farm5.staticflickr.com/4828/46921170611_85fea7871c_n.jpg,88.03456171,102.59795597,89.53528892
89,161,161,car,83.34893555 83.34893555 83.34893555,https://farm8.staticflickr.com/7909/39956460493_4a4624f038_n.jpg,83.34893555,83.34893555,83.34893555
90,162,162,car,87.75925781 79.04427734 78.94865234,https://farm8.staticflickr.com/7897/46868960462_c4c016a0ea_n.jpg,87.75925781,79.04427734,78.94865234
91,164,164,car,114.31821429 116.22742063 100.61644841,https://farm8.staticflickr.com/7892/39956320693_eac218d1f9_n.jpg,114.31821429,116.22742063,100.61644841
92,165,165,car,110.20687302 116.76247033 102.80518196,https://farm8.staticflickr.com/7804/33045682368_3eb5c0b771_n.jpg,110.20687302,116.76247033,102.80518196
93,166,166,car,110.19901367 130.43516602 109.40609375,https://farm8.staticflickr.com/7918/39956319103_a56dbb681e_n.jpg,110.19901367,130.43516602,109.40609375
94,167,167,car,110.71121669 116.70576019 101.01308777,https://farm5.staticflickr.com/4899/39956315353_d47c8afd5d_n.jpg,110.71121669,116.70576019,101.01308777
95,168,168,car,137.6103608  130.69109819 122.38763801,https://farm5.staticflickr.com/4804/39956314553_5132b15f46_n.jpg,137.6103608,130.69109819,122.38763801
96,169,169,car,100.72991916 113.45893139 105.70174487,https://farm5.staticflickr.com/4847/39956313343_12d1188293_n.jpg,100.72991916,113.45893139,105.70174487
97,170,170,car,112.24831427 115.45428825  97.14547516,https://farm5.staticflickr.com/4877/39956310513_f522cde1c6_n.jpg,112.24831427,115.45428825,97.14547516
98,171,171,car,132.83301459 112.44359227 104.42741522,https://farm5.staticflickr.com/4857/39956309173_62715531fd_n.jpg,132.83301459,112.44359227,104.42741522
99,172,172,car,102.79637224 115.28152603 105.2626873 ,https://farm8.staticflickr.com/7867/39956307843_a793d8ed44_n.jpg,102.79637224,115.28152603,105.2626873
100,174,174,car,75.73888127 67.10501567 75.37736089,https://farm8.staticflickr.com/7909/46006811485_176982ff0b_n.jpg,75.73888127,67.10501567,75.37736089
101,177,177,car,122.59120298 123.31674177 122.33636364,https://farm8.staticflickr.com/7908/46868762492_101c34f1b8_n.jpg,122.59120298,123.31674177,122.33636364
102,178,178,car,131.53655273 120.78632812 119.23802734,https://farm8.staticflickr.com/7818/33045527338_92f7937857_n.jpg,131.53655273,120.78632812,119.23802734
103,179,179,car,98.58397461 98.58397461 98.58397461,https://farm8.staticflickr.com/7901/33045513378_f9be1c8feb_n.jpg,98.58397461,98.58397461,98.58397461
104,181,181,car,159.84499023 159.84499023 159.84499023,https://farm5.staticflickr.com/4818/46196086934_06ee91c3fb_n.jpg,159.84499023,159.84499023,159.84499023
105,182,182,car,113.93381658 108.27156357 104.24930198,https://farm5.staticflickr.com/4822/46006552605_b99aa4a1ce_n.jpg,113.93381658,108.27156357,104.24930198
106,185,185,car,163.04233044 161.59459779 154.26978509,https://farm5.staticflickr.com/4864/46920706701_b0fa2fab75_n.jpg,163.04233044,161.59459779,154.26978509
107,186,186,car,205.20871659 112.49709119 119.92012579,https://farm8.staticflickr.com/7854/46920571931_ec00eb872b_n.jpg,205.20871659,112.49709119,119.92012579
108,187,187,car,26.29669811 60.11272602 92.59568593,https://farm5.staticflickr.com/4870/46195720634_f0a20fe459_n.jpg,26.29669811,60.11272602,92.59568593
109,188,188,car,193.09415291 177.19892885  47.73152516,https://farm8.staticflickr.com/7870/46195720564_24bd35ebd9_n.jpg,193.09415291,177.19892885,47.73152516
110,189,189,car,126.75665291  55.4319772   66.62712264,https://farm5.staticflickr.com/4824/46920571851_a5b15dd22e_n.jpg,126.75665291,55.4319772,66.62712264
111,190,190,car,36.41246094 47.83897461 49.03753906,https://farm8.staticflickr.com/7896/33045497278_cd402f0eb6_n.jpg,36.41246094,47.83897461,49.03753906
112,191,191,car,147.31018555 132.68476563 114.31191406,https://farm8.staticflickr.com/7900/31979535557_05bb41837a_n.jpg,147.31018555,132.68476563,114.31191406
113,192,192,car,139.87259766 129.14633789 130.59189453,https://farm8.staticflickr.com/7901/46868468272_4057b844c8_n.jpg,139.87259766,129.14633789,130.59189453
114,193,193,car,82.5928125  82.90438477 84.64519531,https://farm8.staticflickr.com/7875/46006302075_0e06db3cf0_n.jpg,82.5928125,82.90438477,84.64519531
115,194,194,car,162.72687286 160.21139769 142.52849957,https://farm8.staticflickr.com/7808/31979447497_0407deb4a2_n.jpg,162.72687286,160.21139769,142.52849957
116,195,195,car,159.40209316 138.62065645 128.66090802,https://farm8.staticflickr.com/7818/31979444177_e4b6f80bfb_n.jpg,159.40209316,138.62065645,128.66090802
117,196,196,car,150.66622596 157.83631811 155.96075721,https://farm8.staticflickr.com/7866/46195792244_bdaa2bdca6_n.jpg,150.66622596,157.83631811,155.96075721
118,197,197,car,157.47813545 152.5489862  140.65808946,https://farm8.staticflickr.com/7872/31979440997_7c2193b326_n.jpg,157.47813545,152.5489862,140.65808946
119,198,198,car, 88.91192053 100.59311879 108.27556912,https://farm5.staticflickr.com/4898/46868182002_02233e9569_n.jpg,88.91192053,100.59311879,108.27556912
120,200,200,car,112.89338867 101.97536133  94.135     ,https://farm8.staticflickr.com/7834/33044320788_6f3d241ecd_n.jpg,112.89338867,101.97536133,94.135
121,201,201,car,105.50252743  95.87098354  84.45669083,https://farm8.staticflickr.com/7856/46920432821_5707f9ae0f_n.jpg,105.50252743,95.87098354,84.45669083
122,202,202,car,123.27989258 141.59368164 158.32581055,https://farm5.staticflickr.com/4885/46868146292_bf8bcca00b_n.jpg,123.27989258,141.59368164,158.32581055
123,203,203,car,61.12679687 52.7446875  49.72607422,https://farm8.staticflickr.com/7869/39955531573_b2e453d1b8_n.jpg,61.12679687,52.7446875,49.72607422
124,206,206,car,175.9572667  169.7791845  158.77535317,https://farm5.staticflickr.com/4865/46005883545_66efd7a5ed_n.jpg,175.9572667,169.7791845,158.77535317
125,207,207,car, 82.62636719  94.33357422 109.30143555,https://farm5.staticflickr.com/4864/39955461103_1e9d0da1f6_n.jpg,82.62636719,94.33357422,109.30143555
126,208,208,car,152.63468254 134.2610119  148.59108135,https://farm5.staticflickr.com/4877/46920142111_9535472272_n.jpg,152.63468254,134.2610119,148.59108135
127,209,209,car, 92.93859375 101.18942383  93.59759766,https://farm8.staticflickr.com/7810/46005679945_ab00b16674_n.jpg,92.93859375,101.18942383,93.59759766
128,210,210,car,124.53100586 129.50342773 131.30117187,https://farm5.staticflickr.com/4896/46195186644_a838d95d94_n.jpg,124.53100586,129.50342773,131.30117187
129,211,211,car,109.31095219 101.40305643 100.72510776,https://farm5.staticflickr.com/4854/46920351691_bf159456e7_n.jpg,109.31095219,101.40305643,100.72510776
130,213,213,car,111.09311007  94.3981122   97.21839804,https://farm5.staticflickr.com/4860/39955244723_0b2c13e7ff_n.jpg,111.09311007,94.3981122,97.21839804
131,214,214,car,132.55432617 127.3169043  130.23772461,https://farm8.staticflickr.com/7845/39955161703_159d31b4a6_n.jpg,132.55432617,127.3169043,130.23772461
132,215,215,car,229.53212891 216.03174805 183.28649414,https://farm5.staticflickr.com/4843/46867729122_4b57e44fb0_n.jpg,229.53212891,216.03174805,183.28649414
133,216,216,car,87.07422852 76.5069043  60.00131836,https://farm5.staticflickr.com/4816/39955070753_3d8041f173_n.jpg,87.07422852,76.5069043,60.00131836
134,217,217,car,155.88754883 151.12166992 133.67207031,https://farm8.staticflickr.com/7884/39955038383_61802c5a27_n.jpg,155.88754883,151.12166992,133.67207031
135,218,218,car,168.20374023 161.46072266 165.42533203,https://farm8.staticflickr.com/7914/33044391968_23d757be80_n.jpg,168.20374023,161.46072266,165.42533203
136,219,219,car,104.82041992 103.73744141 101.15768555,https://farm8.staticflickr.com/7922/33044281988_9e54fcf14a_n.jpg,104.82041992,103.73744141,101.15768555
137,223,223,car,124.09491211 120.97444336 118.20692383,https://farm5.staticflickr.com/4803/46005167475_09b0dee6e1_n.jpg,124.09491211,120.97444336,118.20692383
138,226,226,car,122.13790165 122.13790165 122.13790165,https://farm8.staticflickr.com/7920/46919529231_836b34acd8_n.jpg,122.13790165,122.13790165,122.13790165
139,227,227,car,102.88125 102.88125 102.88125,https://farm5.staticflickr.com/4878/33044108178_fd48716732_n.jpg,102.88125,102.88125,102.88125
140,228,228,car,129.3646339 129.3646339 129.3646339,https://farm8.staticflickr.com/7801/39954698473_f29f9b6985_n.jpg,129.3646339,129.3646339,129.3646339
141,229,229,car,142.58792524 142.58792524 142.58792524,https://farm8.staticflickr.com/7809/33044107768_a599284042_n.jpg,142.58792524,142.58792524,142.58792524
142,230,230,car,96.91678571 96.91678571 96.91678571,https://farm8.staticflickr.com/7879/31978287417_c54201d302_n.jpg,96.91678571,96.91678571,96.91678571
143,231,231,car,113.97865079 113.97865079 113.97865079,https://farm5.staticflickr.com/4805/39954698503_5ec52b3dae_n.jpg,113.97865079,113.97865079,113.97865079
144,232,232,car,170.0047168  131.49956055 101.26400391,https://farm8.staticflickr.com/7866/46867297172_37dd782c1b_n.jpg,170.0047168,131.49956055,101.26400391
145,233,233,car,102.54066431 102.54066431 102.54066431,https://farm8.staticflickr.com/7908/46919398421_52556b2450_n.jpg,102.54066431,102.54066431,102.54066431
146,234,234,car,105.32321289  90.65476562  88.680625  ,https://farm8.staticflickr.com/7920/46004991865_77dc4082cb_n.jpg,105.32321289,90.65476562,88.680625
147,235,235,car,117.73816667 113.63042708 109.34485417,https://farm5.staticflickr.com/4875/46867091272_9e2766d6d4_n.jpg,117.73816667,113.63042708,109.34485417
148,236,236,car,99.20350586 74.13401367 35.11919922,https://farm5.staticflickr.com/4855/33043668078_1a42853d6a_n.jpg,99.20350586,74.13401367,35.11919922
149,237,237,car,77.05522461 69.26176758 57.72912109,https://farm8.staticflickr.com/7906/33043668178_ef135c0d97_n.jpg,77.05522461,69.26176758,57.72912109
150,238,238,car,105.65158203  79.73186523  38.52504883,https://farm5.staticflickr.com/4910/31977844557_da43f217cc_n.jpg,105.65158203,79.73186523,38.52504883
151,239,239,car,97.79768555 69.85654297 24.77621094,https://farm5.staticflickr.com/4825/33043667918_4994926a2b_n.jpg,97.79768555,69.85654297,24.77621094
152,240,240,car,67.65292969 59.52612305 73.81425781,https://farm8.staticflickr.com/7914/31978093627_dc685d8c65_n.jpg,67.65292969,59.52612305,73.81425781
153,242,242,car,125.08311867 116.31746199 102.46578336,https://farm8.staticflickr.com/7879/46867004302_28d57c5c27_n.jpg,125.08311867,116.31746199,102.46578336
154,243,243,car,115.59039315 121.90847782 120.58043347,https://farm8.staticflickr.com/7800/39954381113_95fe3ec145_n.jpg,115.59039315,121.90847782,120.58043347
155,244,244,car,50.78314453 46.52607422 67.41364258,https://farm8.staticflickr.com/7835/46919174161_41365811af_n.jpg,50.78314453,46.52607422,67.41364258
156,247,247,car,156.7503418  152.49292969 145.41996094,https://farm5.staticflickr.com/4844/31977885507_36af3741ce_n.jpg,156.7503418,152.49292969,145.41996094
157,248,248,car,132.82501953 133.59106445 127.08669922,https://farm8.staticflickr.com/7824/31977885107_3a3859c315_n.jpg,132.82501953,133.59106445,127.08669922
158,252,252,car,146.40300781 128.29135742 117.97523437,https://farm8.staticflickr.com/7813/46918877371_7b1ee3a7c8_n.jpg,146.40300781,128.29135742,117.97523437
159,253,253,car,113.43765674 114.17226685 113.50784679,https://farm8.staticflickr.com/7805/39954084613_184dfe79b8_n.jpg,113.43765674,114.17226685,113.50784679
160,254,254,car,150.5630957  160.09359375 163.3956543 ,https://farm5.staticflickr.com/4912/46866541502_8fff7103aa_n.jpg,150.5630957,160.09359375,163.3956543
161,255,255,car,123.13216233 113.28872693 111.46169253,https://farm8.staticflickr.com/7845/33043401598_77b4b0ac85_n.jpg,123.13216233,113.28872693,111.46169253
162,256,256,car,155.46394531 128.66264648 130.97329102,https://farm8.staticflickr.com/7816/31977658127_dff6c7b8ca_n.jpg,155.46394531,128.66264648,130.97329102
163,257,257,car, 96.42521875 111.29794792 114.64733333,https://farm5.staticflickr.com/4852/39954049803_74089c038a_n.jpg,96.42521875,111.29794792,114.64733333
164,258,258,car,123.13216233 113.28872693 111.46169253,https://farm8.staticflickr.com/7845/33043401598_77b4b0ac85_n.jpg,123.13216233,113.28872693,111.46169253
165,261,261,car,123.84161133 125.76704102 103.49711914,https://farm5.staticflickr.com/4862/46193919274_2a42855fe3_n.jpg,123.84161133,125.76704102,103.49711914
166,262,262,car,145.77484427 135.35826412 159.69778862,https://farm5.staticflickr.com/4854/39953952653_60fee1c2b2_n.jpg,145.77484427,135.35826412,159.69778862
167,263,263,car,90.48763672 95.08362305 81.61443359,https://farm5.staticflickr.com/4868/39953945053_cfdd3701f2_n.jpg,90.48763672,95.08362305,81.61443359
168,264,264,car,114.92623047 124.3428125  143.30118164,https://farm8.staticflickr.com/7919/46918635481_8fb23a0a71_n.jpg,114.92623047,124.3428125,143.30118164
169,266,266,car,98.2069234  96.762258   97.18465909,https://farm8.staticflickr.com/7865/46193879934_9fbd5ecf81_n.jpg,98.2069234,96.762258,97.18465909
170,267,267,car, 96.47694113  99.58756399 106.46295862,https://farm8.staticflickr.com/7875/46866580542_414b16d7ac_n.jpg,96.47694113,99.58756399,106.46295862
171,268,268,car,140.21972656 141.87845703 142.43883789,https://farm5.staticflickr.com/4828/31977429277_26e6f63a44_n.jpg,140.21972656,141.87845703,142.43883789
172,269,269,car,117.27412623 140.02097039 147.76486431,https://farm8.staticflickr.com/7891/46193772584_cde1981c52_n.jpg,117.27412623,140.02097039,147.76486431
173,272,272,car,167.53838867 168.70790039 163.44080078,https://farm8.staticflickr.com/7878/46193668664_6dcdb4af0a_n.jpg,167.53838867,168.70790039,163.44080078
174,273,273,car,144.87043974 146.68791735 136.22776873,https://farm5.staticflickr.com/4807/46918341771_4f5476ff29_n.jpg,144.87043974,146.68791735,136.22776873
175,274,274,car,150.31821289 154.45009766 146.16833984,https://farm5.staticflickr.com/4825/31977451837_bd5916407a_n.jpg,150.31821289,154.45009766,146.16833984
176,275,275,car,76.44200195 57.04300781 41.38671875,https://farm5.staticflickr.com/4891/31977323337_a5b116383a_n.jpg,76.44200195,57.04300781,41.38671875
177,276,276,car,41.47784984 38.33220322 37.29201061,https://farm5.staticflickr.com/4859/33043056538_8a6e70bff3_n.jpg,41.47784984,38.33220322,37.29201061
178,277,277,car,85.5724564  77.87498962 96.54494394,https://farm5.staticflickr.com/4817/39953410063_779012fbf4_n.jpg,85.5724564,77.87498962,96.54494394
179,278,278,car,65.10910156 65.10910156 65.10910156,https://farm5.staticflickr.com/4894/31977020067_5d6830f5f2_n.jpg,65.10910156,65.10910156,65.10910156
180,283,283,car,129.86150391 107.97666992 110.88037109,https://farm5.staticflickr.com/4847/46865869492_918a0c76cb_n.jpg,129.86150391,107.97666992,110.88037109
181,286,286,car,70.46796384 62.21399371 59.62396816,https://farm5.staticflickr.com/4885/31976894627_7c430095f7_n.jpg,70.46796384,62.21399371,59.62396816
182,288,288,car,70.46796384 62.21399371 59.62396816,https://farm5.staticflickr.com/4885/31976894627_7c430095f7_n.jpg,70.46796384,62.21399371,59.62396816
183,289,289,car,129.86150391 107.97666992 110.88037109,https://farm5.staticflickr.com/4847/46865869492_918a0c76cb_n.jpg,129.86150391,107.97666992,110.88037109
184,290,290,car,96.30225198 92.82103175 88.55103175,https://farm5.staticflickr.com/4855/46865824492_4a6639eb12_n.jpg,96.30225198,92.82103175,88.55103175
185,292,292,car,123.20618952 142.84019153 154.1359879 ,https://farm8.staticflickr.com/7884/39953144193_f5b07dda38_n.jpg,123.20618952,142.84019153,154.1359879
186,293,293,car,63.66200195 63.66200195 63.66200195,https://farm5.staticflickr.com/4913/33042561048_11e4470a5b_n.jpg,63.66200195,63.66200195,63.66200195
187,294,294,car,150.05395768 162.94674765 161.459904  ,https://farm8.staticflickr.com/7920/31976776147_060a221114_n.jpg,150.05395768,162.94674765,161.459904
188,295,295,car,118.67990234 104.68603516 102.23148437,https://farm8.staticflickr.com/7912/46865746582_5139cd7da9_n.jpg,118.67990234,104.68603516,102.23148437
189,297,297,car,206.83041992 208.44696289 210.11631836,https://farm8.staticflickr.com/7890/33042540578_6dee2aee41_n.jpg,206.83041992,208.44696289,210.11631836
190,299,299,car,136.15261719 141.39964844 146.78507813,https://farm5.staticflickr.com/4842/46865531502_fea3e3dce1_n.jpg,136.15261719,141.39964844,146.78507813
191,300,300,car,129.95342773 140.37320313 154.05789062,https://farm8.staticflickr.com/7881/33042272638_a65eba6b12_n.jpg,129.95342773,140.37320313,154.05789062
192,301,301,car,119.98891416 118.74818038 113.13195214,https://farm8.staticflickr.com/7854/46003553735_6f5e7f5ac7_n.jpg,119.98891416,118.74818038,113.13195214
193,303,303,car,113.55354492 132.10952148 173.97050781,https://farm8.staticflickr.com/7883/33042272868_8097270f3d_n.jpg,113.55354492,132.10952148,173.97050781
194,304,304,car,80.19879883 75.49079102 77.5306543 ,https://farm8.staticflickr.com/7853/39952866133_20c339dbb1_n.jpg,80.19879883,75.49079102,77.5306543
195,305,305,car,122.64330956 134.56988255 118.05945889,https://farm8.staticflickr.com/7925/33042221348_d60832a3d9_n.jpg,122.64330956,134.56988255,118.05945889
196,306,306,car,106.38516364 109.7471806   80.08323147,https://farm8.staticflickr.com/7842/39952781873_a37477f986_n.jpg,106.38516364,109.7471806,80.08323147
197,312,312,car,119.63646484 127.96529297 164.58121094,https://farm8.staticflickr.com/7852/33042272208_298185c280_n.jpg,119.63646484,127.96529297,164.58121094
198,317,317,car,50.56931641 50.16881836 47.80293945,https://farm8.staticflickr.com/7825/33042038008_3c96c9bf0c_n.jpg,50.56931641,50.16881836,47.80293945
199,318,318,car,185.82171875 185.34263672 186.34695312,https://farm5.staticflickr.com/4804/39952452333_c1d4f8a8a6_n.jpg,185.82171875,185.34263672,186.34695312
200,319,319,car,66.01097656 63.9740918  55.78256836,https://farm5.staticflickr.com/4844/46192318874_dccb5dbd45_n.jpg,66.01097656,63.9740918,55.78256836
201,320,320,car,142.18324219 133.03244141 128.06969727,https://farm5.staticflickr.com/4805/46865435732_ff132eb852_n.jpg,142.18324219,133.03244141,128.06969727
202,321,321,car,142.27963836 145.66637186 163.0265625 ,https://farm5.staticflickr.com/4824/46192686324_8a43b5325c_n.jpg,142.27963836,145.66637186,163.0265625
203,324,324,car,112.08358398 118.71561523 120.54332031,https://farm8.staticflickr.com/7864/39952376993_48ae0bf0bb_n.jpg,112.08358398,118.71561523,120.54332031
204,328,328,car,75.82023437 67.45791992 75.12695312,https://farm5.staticflickr.com/4893/46864966012_78a38e61e4_n.jpg,75.82023437,67.45791992,75.12695312
205,329,329,car,103.99680351 124.80932394 128.8637357 ,https://farm8.staticflickr.com/7871/46002659255_de0384bf7e_n.jpg,103.99680351,124.80932394,128.8637357
206,330,330,car,90.80527083 89.80071875 99.80076042,https://farm5.staticflickr.com/4852/33041647278_2cd19275db_n.jpg,90.80527083,89.80071875,99.80076042
207,331,331,car,122.35045898 126.43194336 138.08926758,https://farm8.staticflickr.com/7896/31976005017_1852559caf_n.jpg,122.35045898,126.43194336,138.08926758
208,332,332,car,103.63333984 104.56857422 103.56901367,https://farm8.staticflickr.com/7837/46916976991_5c970401ae_n.jpg,103.63333984,104.56857422,103.56901367
209,333,333,car,31.4403703 31.4403703 31.4403703,https://farm5.staticflickr.com/4908/46002607925_caff31f2c6_n.jpg,31.4403703,31.4403703,31.4403703
210,337,337,car,109.88553571 112.08285714 112.28839286,https://farm8.staticflickr.com/7832/31975803697_e3f989b9bb_n.jpg,109.88553571,112.08285714,112.28839286
211,338,338,car,150.61868164 150.23685547 146.69791992,https://farm8.staticflickr.com/7813/31975710557_139587068c_n.jpg,150.61868164,150.23685547,146.69791992
212,339,339,car, 98.90803711 109.28808594 118.99361328,https://farm8.staticflickr.com/7862/33041456548_1309a1e2d9_n.jpg,98.90803711,109.28808594,118.99361328
213,340,340,car, 77.19091378 111.29495668 129.65080446,https://farm8.staticflickr.com/7817/31975715897_1b5e0007ca_n.jpg,77.19091378,111.29495668,129.65080446
214,341,341,car, 80.26981445 101.1425293  122.43999023,https://farm5.staticflickr.com/4909/46864779212_0ef1a37018_n.jpg,80.26981445,101.1425293,122.43999023
215,342,342,car, 99.84168945 100.54608398 105.72833008,https://farm8.staticflickr.com/7810/46916732211_ae773a0f97_n.jpg,99.84168945,100.54608398,105.72833008
216,343,343,car,114.24714844 117.67770508 119.89730469,https://farm5.staticflickr.com/4855/46916631301_ff8cd9cf8e_n.jpg,114.24714844,117.67770508,119.89730469
217,346,346,car,131.2546582  104.27607422  94.94563477,https://farm5.staticflickr.com/4858/39951703303_89cf6c6371_n.jpg,131.2546582,104.27607422,94.94563477
218,348,348,car,100.24582031  69.58277344  67.31507812,https://farm5.staticflickr.com/4805/46916499121_89bd19714f_n.jpg,100.24582031,69.58277344,67.31507812
219,349,349,car,114.0215625   74.37859375  70.99716797,https://farm5.staticflickr.com/4810/46002137025_99dcd5d4f8_n.jpg,114.0215625,74.37859375,70.99716797
220,350,350,car,99.50943359 96.77516602 95.17953125,https://farm5.staticflickr.com/4898/46191510394_a18cfdddc9_n.jpg,99.50943359,96.77516602,95.17953125
221,353,353,car,78.20516602 66.65492187 44.08125977,https://farm8.staticflickr.com/7883/46916350591_67f78b28bb_n.jpg,78.20516602,66.65492187,44.08125977
222,354,354,car,127.28713867 128.31359375 127.27871094,https://farm5.staticflickr.com/4849/46916328631_aa9209380a_n.jpg,127.28713867,128.31359375,127.27871094
223,355,355,car,109.50349961 116.63951104 118.72010055,https://farm5.staticflickr.com/4839/46191429794_c28d2900ab_n.jpg,109.50349961,116.63951104,118.72010055
224,356,356,car,131.56748607  97.4903961   74.10992237,https://farm5.staticflickr.com/4853/33040975378_be44017a4f_n.jpg,131.56748607,97.4903961,74.10992237
225,357,357,car,122.78245117 121.28960937 107.04044922,https://farm8.staticflickr.com/7906/31975322237_7793964014_n.jpg,122.78245117,121.28960937,107.04044922
226,358,358,car,119.96478516 111.85546875 120.87992187,https://farm5.staticflickr.com/4855/39951686073_603b71c19c_n.jpg,119.96478516,111.85546875,120.87992187
227,359,359,car,178.62105469 150.68003906 174.18012695,https://farm8.staticflickr.com/7907/46191612814_15e6094379_n.jpg,178.62105469,150.68003906,174.18012695
228,361,361,car,75.15116211 75.15116211 75.15116211,https://farm5.staticflickr.com/4842/46191390594_61b1f0f3e7_n.jpg,75.15116211,75.15116211,75.15116211
229,362,362,car,56.16847656 69.39172852 85.558125  ,https://farm8.staticflickr.com/7902/46864139242_7de947daf2_n.jpg,56.16847656,69.39172852,85.558125
230,363,363,car,110.12070313 125.98873047 110.79954102,https://farm8.staticflickr.com/7837/31974994887_9750775166_n.jpg,110.12070313,125.98873047,110.79954102
231,364,364,car,100.81291016  93.72970703  91.30786133,https://farm8.staticflickr.com/7809/33040957248_062bee0ebd_n.jpg,100.81291016,93.72970703,91.30786133
232,366,366,car,79.63977539 83.17420898 86.06597656,https://farm8.staticflickr.com/7806/31975012977_e020cd5b0b_n.jpg,79.63977539,83.17420898,86.06597656
233,367,367,car,143.02556014 145.27887186 139.72942217,https://farm8.staticflickr.com/7883/31975014907_1348d2ffab_n.jpg,143.02556014,145.27887186,139.72942217
234,370,370,car,136.73233398 143.20640625 130.38876953,https://farm8.staticflickr.com/7850/46916133131_5a3216ed14_n.jpg,136.73233398,143.20640625,130.38876953
235,371,371,car,112.69256836 129.06053711 130.08416016,https://farm5.staticflickr.com/4864/46916132831_211044b213_n.jpg,112.69256836,129.06053711,130.08416016
236,372,372,car,136.33238545 147.95059285 118.63727894,https://farm5.staticflickr.com/4813/46864104672_398b5fe562_n.jpg,136.33238545,147.95059285,118.63727894
237,373,373,car,135.82613545 143.64577974 125.73367162,https://farm5.staticflickr.com/4818/46191280474_64ebe27cf0_n.jpg,135.82613545,143.64577974,125.73367162
238,374,374,car,105.35858398 100.03640625 103.26933594,https://farm8.staticflickr.com/7814/39951281833_dd9ed7bedb_n.jpg,105.35858398,100.03640625,103.26933594
239,375,375,car,130.53574096 127.6985456  122.30930621,https://farm5.staticflickr.com/4808/46916077621_3b38fc6796_n.jpg,130.53574096,127.6985456,122.30930621
240,376,376,car,157.31834547 140.67247168 118.03593244,https://farm5.staticflickr.com/4818/46916077121_c3aea186fb_n.jpg,157.31834547,140.67247168,118.03593244
241,379,379,car,104.52142256 107.89973695 109.51327862,https://farm5.staticflickr.com/4844/31974598457_b53da457ca_n.jpg,104.52142256,107.89973695,109.51327862
242,380,380,car,116.37625    115.23285156 111.62115234,https://farm8.staticflickr.com/7853/39950942673_4be393dba8_n.jpg,116.37625,115.23285156,111.62115234
243,381,381,car, 99.79560547 100.77208984 101.43078125,https://farm8.staticflickr.com/7809/46915921311_54fa6ff6f5_n.jpg,99.79560547,100.77208984,101.43078125
244,383,383,car,117.57352754 139.39673729 140.97123941,https://farm5.staticflickr.com/4846/46863544672_df365a3387_n.jpg,117.57352754,139.39673729,140.97123941
245,384,384,car,117.04678711 131.835625   142.78945312,https://farm8.staticflickr.com/7859/46915523181_e23276df37_n.jpg,117.04678711,131.835625,142.78945312
246,385,385,car,132.84191406 131.92873047 126.6540918 ,https://farm5.staticflickr.com/4910/33040194238_6b743fb5c7_n.jpg,132.84191406,131.92873047,126.6540918
247,390,390,car,144.27027756 136.70496206 129.09814297,https://farm5.staticflickr.com/4812/31974304027_3665566b11_n.jpg,144.27027756,136.70496206,129.09814297
248,391,391,car,96.45447131 96.45447131 96.45447131,https://farm5.staticflickr.com/4909/39950593883_5390aa9036_n.jpg,96.45447131,96.45447131,96.45447131
249,395,395,car,168.92985352 171.48557617 174.95742187,https://farm8.staticflickr.com/7801/46915491661_13469f7aff_n.jpg,168.92985352,171.48557617,174.95742187
250,397,397,car,103.34810547 122.39524414 129.70188477,https://farm5.staticflickr.com/4914/31974138947_511cea5488_n.jpg,103.34810547,122.39524414,129.70188477
251,398,398,car,134.24006836  92.2043457   91.20576172,https://farm8.staticflickr.com/7919/31974136527_5943db2021_n.jpg,134.24006836,92.2043457,91.20576172
252,399,399,car,131.84969727 140.91948242 137.02197266,https://farm8.staticflickr.com/7827/46915216321_18ba787064_n.jpg,131.84969727,140.91948242,137.02197266
253,401,401,car,80.96967773 79.9877832  81.16066406,https://farm5.staticflickr.com/4905/39950436903_83752b6886_n.jpg,80.96967773,79.9877832,81.16066406
254,402,402,car,135.7734589  106.51597817  92.6354238 ,https://farm8.staticflickr.com/7832/33039883308_4fd10caedb_n.jpg,135.7734589,106.51597817,92.6354238
255,403,403,car,149.63615154 147.06871789 148.45435574,https://farm8.staticflickr.com/7877/39950434413_6f94c9a977_n.jpg,149.63615154,147.06871789,148.45435574
256,404,404,car,140.92993365 131.6427012  131.48573416,https://farm8.staticflickr.com/7922/31974097427_d40e136758_n.jpg,140.92993365,131.6427012,131.48573416
257,405,405,car,61.93260742 58.51241211 58.93717773,https://farm8.staticflickr.com/7858/46863114822_064f58acee_n.jpg,61.93260742,58.51241211,58.93717773
258,407,407,car,117.43453125 100.00134766 100.01398438,https://farm8.staticflickr.com/7881/46915152791_6a0747636a_n.jpg,117.43453125,100.00134766,100.01398438
259,411,411,car,142.60611087 138.18686858 137.76428724,https://farm5.staticflickr.com/4835/39950434403_e66990dae1_n.jpg,142.60611087,138.18686858,137.76428724
260,413,413,car,90.95266638 90.95266638 90.95266638,https://farm8.staticflickr.com/7837/39950180583_ccc125aa79_n.jpg,90.95266638,90.95266638,90.95266638
261,414,414,car,112.48367187 106.78552734  99.10246094,https://farm5.staticflickr.com/4844/33039514858_3b250624de_n.jpg,112.48367187,106.78552734,99.10246094
262,420,420,car,68.88800167 65.03443771 54.85809992,https://farm5.staticflickr.com/4875/46914885261_bf63032c9b_n.jpg,68.88800167,65.03443771,54.85809992
263,421,421,car,27.76861087 40.10119863 11.18443921,https://farm5.staticflickr.com/4830/39950131603_255f186cc0_n.jpg,27.76861087,40.10119863,11.18443921
264,422,422,car,54.56922852 52.41336914 50.88293945,https://farm8.staticflickr.com/7923/46000334885_c6183dae30_n.jpg,54.56922852,52.41336914,50.88293945
265,423,423,car,118.42527636 132.74769345 147.14586522,https://farm8.staticflickr.com/7887/46862539952_53e921375c_n.jpg,118.42527636,132.74769345,147.14586522
266,425,425,car,94.96601562 70.20694336 75.41826172,https://farm8.staticflickr.com/7920/46000223005_a836fce851_n.jpg,94.96601562,70.20694336,75.41826172
267,431,431,car,126.28763147  94.52679005  89.48809668,https://farm5.staticflickr.com/4822/46862499642_fe6531d7fe_n.jpg,126.28763147,94.52679005,89.48809668
268,432,432,car, 99.1371875  105.90890625 115.22947266,https://farm5.staticflickr.com/4855/46000196735_748272b48c_n.jpg,99.1371875,105.90890625,115.22947266
269,433,433,car,104.31441406 103.44288086  95.75566406,https://farm5.staticflickr.com/4856/33039136768_b0003538aa_n.jpg,104.31441406,103.44288086,95.75566406
270,437,437,car,116.14282556 114.25691318 103.79092645,https://farm5.staticflickr.com/4847/46189571934_cb73c86a97_n.jpg,116.14282556,114.25691318,103.79092645
271,439,439,car,105.0575293  112.02254883  99.38430664,https://farm8.staticflickr.com/7885/31973331797_991f920c0d_n.jpg,105.0575293,112.02254883,99.38430664
272,441,441,car,127.54875    128.84509766 126.95439453,https://farm5.staticflickr.com/4907/33039069618_f88acde88d_n.jpg,127.54875,128.84509766,126.95439453
273,444,444,car,182.95610352 186.93001953 188.51089844,https://farm5.staticflickr.com/4855/46862224302_7895d87730_n.jpg,182.95610352,186.93001953,188.51089844
274,447,447,car,80.94979167 68.52669792 68.4831875 ,https://farm5.staticflickr.com/4822/31973168427_13fda6029e_n.jpg,80.94979167,68.52669792,68.4831875
275,448,448,car,69.04864258 65.18000977 72.73188477,https://farm8.staticflickr.com/7893/33038871418_9ac7aef20b_n.jpg,69.04864258,65.18000977,72.73188477
276,449,449,car,118.72964819 115.07456761 111.55023585,https://farm5.staticflickr.com/4901/46914189971_1ab02f83de_n.jpg,118.72964819,115.07456761,111.55023585
277,450,450,car,108.11359375 117.19295898 122.22605469,https://farm5.staticflickr.com/4839/33038871328_df63d98934_n.jpg,108.11359375,117.19295898,122.22605469
278,451,451,car,70.08147461 69.13652344 68.50754883,https://farm8.staticflickr.com/7802/33038871368_95c646fa29_n.jpg,70.08147461,69.13652344,68.50754883
279,452,452,car,46.05590167 39.13912221 37.3868133 ,https://farm8.staticflickr.com/7898/46914268611_d6b2c98635_n.jpg,46.05590167,39.13912221,37.3868133
280,453,453,car,60.48998786 60.48998786 60.48998786,https://farm8.staticflickr.com/7826/39949320723_8921d1fb10_n.jpg,60.48998786,60.48998786,60.48998786
281,455,455,car,171.35       170.67893555 160.89783203,https://farm8.staticflickr.com/7803/46189276374_8b91f30d5e_n.jpg,171.35,170.67893555,160.89783203
282,456,456,car,114.39519531 113.22024414 107.99173828,https://farm5.staticflickr.com/4918/31973018007_5a2b5119d2_n.jpg,114.39519531,113.22024414,107.99173828
283,458,458,car,78.06152344 93.42191406 97.07629883,https://farm5.staticflickr.com/4811/31972828197_398ff452e8_n.jpg,78.06152344,93.42191406,97.07629883
284,459,459,car,241.73959961 236.96779297 228.83787109,https://farm8.staticflickr.com/7806/45999529085_50c567b6a1_n.jpg,241.73959961,236.96779297,228.83787109
285,460,460,car,106.04521484  99.18619141  92.66998047,https://farm8.staticflickr.com/7858/45999443605_1ae4b78586_n.jpg,106.04521484,99.18619141,92.66998047
286,463,463,car,86.01883013 67.74586338 73.09241787,https://farm5.staticflickr.com/4813/31972458277_7776d64c9a_n.jpg,86.01883013,67.74586338,73.09241787
287,464,464,car,85.36083984 82.23276367 78.69712891,https://farm8.staticflickr.com/7811/46188720964_c837839235_n.jpg,85.36083984,82.23276367,78.69712891
288,466,466,car, 99.66350706 100.09560839 101.15186877,https://farm8.staticflickr.com/7804/46861582632_e3f5d4e7ef_n.jpg,99.66350706,100.09560839,101.15186877
289,467,467,car,168.42119141 166.87132812 158.60289062,https://farm5.staticflickr.com/4819/31972555117_21e946d730_n.jpg,168.42119141,166.87132812,158.60289062
290,468,468,car,131.4534322  135.59907839 136.09247881,https://farm8.staticflickr.com/7828/46861231302_bd3bbc059d_n.jpg,131.4534322,135.59907839,136.09247881
291,478,478,car,156.17925781 124.57174805 106.19597656,https://farm5.staticflickr.com/4903/46188043014_3954c82a30_n.jpg,156.17925781,124.57174805,106.19597656
292,483,483,car,143.09381209 175.93913493  78.26530422,https://farm8.staticflickr.com/7881/46912105221_9193098d69_n.jpg,143.09381209,175.93913493,78.26530422
293,488,488,car,174.82909202  73.72420603  32.21885179,https://farm8.staticflickr.com/7819/46911862061_276c466fae_n.jpg,174.82909202,73.72420603,32.21885179
294,489,489,car,149.71005859  98.10413086  88.36334961,https://farm5.staticflickr.com/4856/46911861841_bac6cd918b_n.jpg,149.71005859,98.10413086,88.36334961
295,490,490,car,174.82909202  73.72420603  32.21885179,https://farm5.staticflickr.com/4867/46187023824_f862370ea9_n.jpg,174.82909202,73.72420603,32.21885179
296,491,491,car,149.71005859  98.10413086  88.36334961,https://farm8.staticflickr.com/7897/39947022553_dffa106064_n.jpg,149.71005859,98.10413086,88.36334961
297,492,492,car,174.82909202  73.72420603  32.21885179,https://farm5.staticflickr.com/4808/31970771367_6182725de6_n.jpg,174.82909202,73.72420603,32.21885179
298,493,493,car,174.82909202  73.72420603  32.21885179,https://farm8.staticflickr.com/7850/31970771397_ae52e75474_n.jpg,174.82909202,73.72420603,32.21885179
299,494,494,car,149.71005859  98.10413086  88.36334961,https://farm5.staticflickr.com/4851/46911849651_7d3dc9cf9f_n.jpg,149.71005859,98.10413086,88.36334961
300,495,495,car,149.71005859  98.10413086  88.36334961,https://farm5.staticflickr.com/4875/46911849641_4ca2805a9c_n.jpg,149.71005859,98.10413086,88.36334961
301,496,496,car,174.9574206   73.72626221  32.12797231,https://farm5.staticflickr.com/4806/33036509548_fb2d23b6ff_n.jpg,174.9574206,73.72626221,32.12797231
302,497,497,car,149.78238281  98.10107422  88.3324707 ,https://farm5.staticflickr.com/4835/45997335825_ff779dd508_n.jpg,149.78238281,98.10107422,88.3324707
303,505,505,car,136.03557617 132.37788086 133.68547852,https://farm8.staticflickr.com/7888/33035400728_9320e08089_n.jpg,136.03557617,132.37788086,133.68547852
304,528,528,car,123.05268555 124.35899414 125.79323242,https://farm5.staticflickr.com/4813/46184759474_86b630f769_n.jpg,123.05268555,124.35899414,125.79323242
305,531,531,car,138.52686523 140.6878125  142.33788086,https://farm8.staticflickr.com/7813/45995132475_bd00837a67_n.jpg,138.52686523,140.6878125,142.33788086
306,532,532,car,105.48947266 104.70537109 103.46240234,https://farm5.staticflickr.com/4809/45995113105_48c955f185_n.jpg,105.48947266,104.70537109,103.46240234
307,533,533,car,106.42666016 105.47761719 103.94916992,https://farm8.staticflickr.com/7879/45995112785_047d726a0b_n.jpg,106.42666016,105.47761719,103.94916992
308,536,536,car,117.44224609 117.21173828 119.4284375 ,https://farm8.staticflickr.com/7831/46857539482_178fcb3660_n.jpg,117.44224609,117.21173828,119.4284375
309,537,537,car,111.92975586 110.37477539 109.37037109,https://farm5.staticflickr.com/4842/46857539062_75ed596e86_n.jpg,111.92975586,110.37477539,109.37037109
310,538,538,car, 52.5903418   74.00012695 159.01725586,https://farm8.staticflickr.com/7804/45995112385_44b30aa64e_n.jpg,52.5903418,74.00012695,159.01725586
311,539,539,car,155.66919922 124.98405273 127.12857422,https://farm8.staticflickr.com/7914/45995112175_a95d9eeb24_n.jpg,155.66919922,124.98405273,127.12857422
312,540,540,car, 43.59294922  70.77064453 147.47832031,https://farm5.staticflickr.com/4879/46857538362_9d8951832c_n.jpg,43.59294922,70.77064453,147.47832031
313,541,541,car,101.08333984  78.06441406  85.4403125 ,https://farm8.staticflickr.com/7902/46857538022_cfb748bf37_n.jpg,101.08333984,78.06441406,85.4403125
314,542,542,car,113.78981445 113.83956055 114.88670898,https://farm5.staticflickr.com/4805/45995111655_54e7b4c513_n.jpg,113.78981445,113.83956055,114.88670898
315,543,543,car,125.53203642  72.04085265  93.05471854,https://farm5.staticflickr.com/4822/46909204411_cdce284980_n.jpg,125.53203642,72.04085265,93.05471854
316,544,544,car,93.21706811 90.21458679 86.94927326,https://farm5.staticflickr.com/4833/45994723025_85008ba062_n.jpg,93.21706811,90.21458679,86.94927326
317,545,545,car,94.94296875 91.91972917 87.2840625 ,https://farm5.staticflickr.com/4841/45994722805_b9a0ef878e_n.jpg,94.94296875,91.91972917,87.2840625
318,546,546,car,97.97413194 92.72102737 85.30775123,https://farm5.staticflickr.com/4883/45994722635_77df742ffa_n.jpg,97.97413194,92.72102737,85.30775123
319,549,549,car,105.05457215 100.90583054  97.46011955,https://farm8.staticflickr.com/7870/33033667218_9ee18c9298_n.jpg,105.05457215,100.90583054,97.46011955
320,550,550,car,116.29546274 108.87402845  88.85600962,https://farm8.staticflickr.com/7836/46856832082_b582f8c5b5_n.jpg,116.29546274,108.87402845,88.85600962
321,551,551,car,111.43028391 104.148472    85.81274645,https://farm8.staticflickr.com/7890/33033665128_1d4ae769a5_n.jpg,111.43028391,104.148472,85.81274645
322,552,552,car,103.25204984  99.58845458  94.38328979,https://farm5.staticflickr.com/4823/31967896717_d4f94e63d8_n.jpg,103.25204984,99.58845458,94.38328979
323,553,553,car,83.16838294 87.40291667 98.32392857,https://farm8.staticflickr.com/7844/31967828537_e017af88aa_n.jpg,83.16838294,87.40291667,98.32392857
324,557,557,car,145.62366211 139.00214844 138.06171875,https://farm8.staticflickr.com/7839/45993083645_1128d45d7a_n.jpg,145.62366211,139.00214844,138.06171875
325,559,559,car,68.70299685 60.99290221 78.86727129,https://farm5.staticflickr.com/4854/31966274897_910ffaf12f_n.jpg,68.70299685,60.99290221,78.86727129
326,560,560,car,176.7100293 176.7100293 176.7100293,https://farm8.staticflickr.com/7913/31966224637_27585bc2b9_n.jpg,176.7100293,176.7100293,176.7100293
327,573,573,car,118.60198147 119.05908912 122.85086751,https://farm5.staticflickr.com/4810/39940848773_83ab8a63ab_n.jpg,118.60198147,119.05908912,122.85086751
328,576,576,car,194.43860352 214.96387695 222.47963867,https://farm8.staticflickr.com/7861/39940470023_1e3be796de_n.jpg,194.43860352,214.96387695,222.47963867
329,577,577,car,201.81723633 201.76617187 199.77915039,https://farm8.staticflickr.com/7926/31963815107_14b621e6e3_n.jpg,201.81723633,201.76617187,199.77915039
330,582,582,car,110.70173142 125.65360008 151.35815034,https://farm5.staticflickr.com/4821/33029336998_192a80dd86_n.jpg,110.70173142,125.65360008,151.35815034
331,588,588,car, 79.03457596  97.42933079 122.28431471,https://farm5.staticflickr.com/4816/39939625563_53937c2608_n.jpg,79.03457596,97.42933079,122.28431471
332,589,589,car,92.37708333 89.90039442 91.24310275,https://farm8.staticflickr.com/7867/31963056327_9aa4cbf4eb_n.jpg,92.37708333,89.90039442,91.24310275
333,598,598,car,106.8915625  100.71012695  98.91522461,https://farm5.staticflickr.com/4840/46903489271_4c3782f9f9_n.jpg,106.8915625,100.71012695,98.91522461
334,601,601,car, 97.02572266  98.465      109.91544922,https://farm5.staticflickr.com/4905/46178514724_9cf8cc1d49_n.jpg,97.02572266,98.465,109.91544922
335,602,602,car,135.51696289 133.04453125 115.24875   ,https://farm8.staticflickr.com/7921/39937946503_385229268d_n.jpg,135.51696289,133.04453125,115.24875
336,603,603,car,43.56220703 47.29875    51.63408203,https://farm8.staticflickr.com/7871/39937846233_ba8845de45_n.jpg,43.56220703,47.29875,51.63408203
337,604,604,car,108.02322324 120.0472408  121.57994356,https://farm8.staticflickr.com/7810/45987485245_db4e2c6673_n.jpg,108.02322324,120.0472408,121.57994356
338,612,612,car,106.82870094 104.58401237 111.26984855,https://farm5.staticflickr.com/4805/46901960311_693ef6f571_n.jpg,106.82870094,104.58401237,111.26984855
339,613,613,car,113.33961914 113.33961914 113.33961914,https://farm5.staticflickr.com/4875/46849816222_687c030b9e_n.jpg,113.33961914,113.33961914,113.33961914
340,615,615,car,90.75598633 87.5228418  78.35333008,https://farm8.staticflickr.com/7821/45987181425_dd0a3e952b_n.jpg,90.75598633,87.5228418,78.35333008
341,617,617,car, 97.81786986 103.79177215 102.72007516,https://farm5.staticflickr.com/4885/46176933284_a121a3aa70_n.jpg,97.81786986,103.79177215,102.72007516
342,620,620,car,163.17168945 163.17168945 163.17168945,https://farm5.staticflickr.com/4915/39936935713_5cdacd328e_n.jpg,163.17168945,163.17168945,163.17168945
343,622,622,car,77.5852649  88.03732409 96.34590232,https://farm5.staticflickr.com/4887/39936863433_21554acf70_n.jpg,77.5852649,88.03732409,96.34590232
344,624,624,car,134.64255297 134.64255297 134.64255297,https://farm5.staticflickr.com/4873/39936951863_531c8e4276_n.jpg,134.64255297,134.64255297,134.64255297
345,625,625,car,89.6127832  87.34966797 85.35293945,https://farm5.staticflickr.com/4854/46901718121_ced3b2ef1b_n.jpg,89.6127832,87.34966797,85.35293945
346,626,626,car,96.1447168  97.60162109 99.98467773,https://farm8.staticflickr.com/7871/46849643732_72778d4068_n.jpg,96.1447168,97.60162109,99.98467773
347,627,627,car,223.2527832  225.19144531 226.05418945,https://farm5.staticflickr.com/4827/46176844174_0449e767a5_n.jpg,223.2527832,225.19144531,226.05418945
348,629,629,car,148.98994141 162.43953125 173.13532227,https://farm8.staticflickr.com/7874/39936690663_79c135f776_n.jpg,148.98994141,162.43953125,173.13532227
349,630,630,car,88.61864371 91.15651573 91.58703231,https://farm5.staticflickr.com/4839/31960089077_1432772f46_n.jpg,88.61864371,91.15651573,91.58703231
350,631,631,car,131.0890918  119.04550781 111.3290625 ,https://farm5.staticflickr.com/4833/46901413601_512962f1c0_n.jpg,131.0890918,119.04550781,111.3290625
351,632,632,car,145.34753906 140.43882812 136.39714844,https://farm8.staticflickr.com/7869/46901334611_72b01fd3ed_n.jpg,145.34753906,140.43882812,136.39714844
352,633,633,car,164.83443359 170.71541016 166.6996875 ,https://farm8.staticflickr.com/7823/46901356281_a77cc9208f_n.jpg,164.83443359,170.71541016,166.6996875
353,634,634,car, 92.81534455 120.08868189 142.43272236,https://farm5.staticflickr.com/4913/45986746465_ec4d29eb4a_n.jpg,92.81534455,120.08868189,142.43272236
354,635,635,car,53.24935631 69.23976329 61.08972176,https://farm8.staticflickr.com/7920/46849210462_f7723fbae3_n.jpg,53.24935631,69.23976329,61.08972176
355,637,637,car, 86.00418945 137.91424805 139.96916016,https://farm8.staticflickr.com/7850/31960127397_221c7bd17c_n.jpg,86.00418945,137.91424805,139.96916016
356,640,640,car, 55.24762695 118.35314453 149.10447266,https://farm5.staticflickr.com/4892/31959818107_24a2519e33_n.jpg,55.24762695,118.35314453,149.10447266
357,641,641,car,54.46950195 47.44376953 40.09506836,https://farm5.staticflickr.com/4869/39936359253_2e5f28178a_n.jpg,54.46950195,47.44376953,40.09506836
358,642,642,car,130.27192383 141.57535156 140.77171875,https://farm8.staticflickr.com/7923/39936338363_99433aa187_n.jpg,130.27192383,141.57535156,140.77171875
359,643,643,car,129.78354992 129.78354992 129.78354992,https://farm5.staticflickr.com/4838/46849053122_67833cb89d_n.jpg,129.78354992,129.78354992,129.78354992
360,644,644,car,89.04101042 93.67796875 85.72445833,https://farm8.staticflickr.com/7811/33025436738_26941601ff_n.jpg,89.04101042,93.67796875,85.72445833
361,645,645,car,121.8699979  119.52938339 112.38761535,https://farm8.staticflickr.com/7804/46900853711_eb287c8ebd_n.jpg,121.8699979,119.52938339,112.38761535
362,648,648,car,135.17611046 135.17611046 135.17611046,https://farm8.staticflickr.com/7867/46849051172_97435d66be_n.jpg,135.17611046,135.17611046,135.17611046
363,650,650,car,143.64803096 149.28540361 133.62947688,https://farm5.staticflickr.com/4849/39936213963_cc1dbb9442_n.jpg,143.64803096,149.28540361,133.62947688
364,651,651,car,120.29155754 127.6777381  129.7031746 ,https://farm5.staticflickr.com/4842/39936167163_b8ed3849b8_n.jpg,120.29155754,127.6777381,129.7031746
365,652,652,car,137.20422852 144.12317383 149.43908203,https://farm8.staticflickr.com/7858/33025564518_baea37f578_n.jpg,137.20422852,144.12317383,149.43908203
366,653,653,car, 97.12177734  98.16313477 108.30137695,https://farm8.staticflickr.com/7920/46848749242_54ed73183e_n.jpg,97.12177734,98.16313477,108.30137695
367,654,654,car,121.95251953 124.62195313 149.70134766,https://farm5.staticflickr.com/4849/46848745822_6859dc2baa_n.jpg,121.95251953,124.62195313,149.70134766
368,655,655,car,129.70353516 126.66491211 146.37012695,https://farm5.staticflickr.com/4874/46848744452_eecdfa23b0_n.jpg,129.70353516,126.66491211,146.37012695
369,656,656,car,128.24549805 123.13620117 140.161875  ,https://farm8.staticflickr.com/7916/46175931714_9911119c57_n.jpg,128.24549805,123.13620117,140.161875
370,657,657,car,129.21133789 119.26949219 129.65945312,https://farm8.staticflickr.com/7807/46848744112_d9cd8360c6_n.jpg,129.21133789,119.26949219,129.65945312
371,658,658,car,125.52132812 120.24944336 111.72611328,https://farm5.staticflickr.com/4910/31959396117_b112b433f2_n.jpg,125.52132812,120.24944336,111.72611328
372,660,660,car,61.86481445 53.83030273 58.46009766,https://farm8.staticflickr.com/7843/46900616961_66fb48b281_n.jpg,61.86481445,53.83030273,58.46009766
373,661,661,car,116.94541016 111.27699219 111.11657227,https://farm8.staticflickr.com/7926/45986077075_07e5c5e96b_n.jpg,116.94541016,111.27699219,111.11657227
374,663,663,car,105.920057   120.29369104 131.659375  ,https://farm8.staticflickr.com/7906/46900660621_809d0d9693_n.jpg,105.920057,120.29369104,131.659375
375,664,664,car,158.10316406 138.9215918  122.66505859,https://farm8.staticflickr.com/7811/46175756894_e8c2ebb5e1_n.jpg,158.10316406,138.9215918,122.66505859
376,667,667,car,52.81649414 34.61830078 32.49921875,https://farm5.staticflickr.com/4845/46900345241_4ce6d1a8b2_n.jpg,52.81649414,34.61830078,32.49921875
377,669,669,car,107.77421875  95.49870117  91.77545898,https://farm5.staticflickr.com/4835/31958882477_c756ca4275_n.jpg,107.77421875,95.49870117,91.77545898
378,670,670,car,145.17295551 137.33554025 125.52311441,https://farm5.staticflickr.com/4882/33025003288_e288d2cd62_n.jpg,145.17295551,137.33554025,125.52311441
379,674,674,car,97.65376493 96.67972483 96.35557807,https://farm8.staticflickr.com/7804/46900227691_54b48ee8d5_n.jpg,97.65376493,96.67972483,96.35557807
380,677,677,car,122.09326172 128.99051758 131.81354492,https://farm5.staticflickr.com/4840/46175285184_0ae9b8fe46_n.jpg,122.09326172,128.99051758,131.81354492
381,678,678,car,126.97337891 133.53814453 137.93198242,https://farm8.staticflickr.com/7897/46900153961_5627b21e1a_n.jpg,126.97337891,133.53814453,137.93198242
382,679,679,car, 95.47258789 106.23345703  87.13070312,https://farm5.staticflickr.com/4805/46900135861_9010182bec_n.jpg,95.47258789,106.23345703,87.13070312
383,680,680,car,112.88859375 110.66341797 108.54234375,https://farm8.staticflickr.com/7855/45985440985_9ac6289efd_n.jpg,112.88859375,110.66341797,108.54234375
384,681,681,car,104.87135742  87.86185547  84.73720703,https://farm8.staticflickr.com/7886/45985440435_afc0dfb4b3_n.jpg,104.87135742,87.86185547,84.73720703
385,684,684,car,91.54730024 89.61887856 81.1       ,https://farm8.staticflickr.com/7831/31958657907_26ca3d300c_n.jpg,91.54730024,89.61887856,81.1
386,685,685,car,112.24239258 111.20708008 109.16438477,https://farm5.staticflickr.com/4812/46175041954_a76af7b468_n.jpg,112.24239258,111.20708008,109.16438477
387,686,686,car,126.60529848 109.40821314 107.9630609 ,https://farm8.staticflickr.com/7805/39934957173_7fe6a583c3_n.jpg,126.60529848,109.40821314,107.9630609
388,688,688,car,108.78689453 128.94209961 135.41478516,https://farm8.staticflickr.com/7801/46847592432_653bed2dd4_n.jpg,108.78689453,128.94209961,135.41478516
389,689,689,car,93.46793945 91.46506836 88.07998047,https://farm8.staticflickr.com/7863/46174797594_cb6b8da980_n.jpg,93.46793945,91.46506836,88.07998047
390,690,690,car,108.42114754 129.71896516 154.07734631,https://farm8.staticflickr.com/7893/33024401768_1a77d27a45_n.jpg,108.42114754,129.71896516,154.07734631
391,691,691,car,161.75425781 157.6159082  163.33925781,https://farm5.staticflickr.com/4839/45985114415_1d2983f6da_n.jpg,161.75425781,157.6159082,163.33925781
392,695,695,car,74.81078331 80.472831   92.84537418,https://farm5.staticflickr.com/4810/31958042297_c3d1ae164c_n.jpg,74.81078331,80.472831,92.84537418
393,702,702,car,80.12689453 69.72367187 65.92373047,https://farm8.staticflickr.com/7870/46847300612_96a7ecb502_n.jpg,80.12689453,69.72367187,65.92373047
394,703,703,car,184.05005859 192.89789063 195.30901367,https://farm8.staticflickr.com/7880/39934445893_b66c4e428c_n.jpg,184.05005859,192.89789063,195.30901367
395,705,705,car,105.28415039 101.75491211  94.77785156,https://farm8.staticflickr.com/7806/46899290601_9184e2ae63_n.jpg,105.28415039,101.75491211,94.77785156
396,706,706,car,138.16464844 127.14071289 105.04763672,https://farm5.staticflickr.com/4874/39934328413_1d68daa193_n.jpg,138.16464844,127.14071289,105.04763672
397,707,707,car,119.1053394   87.53699296  89.30974752,https://farm8.staticflickr.com/7852/46174266084_0919a7eb6f_n.jpg,119.1053394,87.53699296,89.30974752
398,708,708,car,97.53461914 81.89180664 84.4846582 ,https://farm5.staticflickr.com/4883/31957775147_f4241696e2_n.jpg,97.53461914,81.89180664,84.4846582
399,709,709,car,90.31682617 85.98410156 86.16301758,https://farm8.staticflickr.com/7925/31957946097_52fab94d92_n.jpg,90.31682617,85.98410156,86.16301758
400,711,711,car,139.4349707  139.56369141 137.53196289,https://farm8.staticflickr.com/7886/39934280063_bab20dee97_n.jpg,139.4349707,139.56369141,137.53196289
401,712,712,car,143.08328125 138.19296875 124.93603516,https://farm8.staticflickr.com/7867/46174282174_4b1c138b05_n.jpg,143.08328125,138.19296875,124.93603516
402,714,714,car,10.40817383  8.92861328  6.57449219,https://farm8.staticflickr.com/7815/46846980032_cda8544113_n.jpg,10.40817383,8.92861328,6.57449219
403,715,715,car,182.10938477 194.93693359 209.68557617,https://farm5.staticflickr.com/4809/46899097141_b0a439004f_n.jpg,182.10938477,194.93693359,209.68557617
404,716,716,car,106.81676758 115.17600586 115.91450195,https://farm8.staticflickr.com/7844/46846914672_9866cb52a9_n.jpg,106.81676758,115.17600586,115.91450195
405,718,718,car,122.87643443 117.12234631 114.47444672,https://farm5.staticflickr.com/4848/46899004761_c5cc57526c_n.jpg,122.87643443,117.12234631,114.47444672
406,723,723,car,77.4204381  74.95896302 70.09269494,https://farm8.staticflickr.com/7884/31957301327_3a7af0324b_n.jpg,77.4204381,74.95896302,70.09269494
407,724,724,car,122.3716871 122.3716871 122.3716871,https://farm5.staticflickr.com/4915/33023190378_a2844b202a_n.jpg,122.3716871,122.3716871,122.3716871
408,725,725,car,86.6356543 86.6356543 86.6356543,https://farm5.staticflickr.com/4842/31957262407_b0bcdb536c_n.jpg,86.6356543,86.6356543,86.6356543
409,726,726,car,98.77102453 98.77102453 98.77102453,https://farm5.staticflickr.com/4878/33023189848_6585d67ec2_n.jpg,98.77102453,98.77102453,98.77102453
410,727,727,car,99.5328869 99.5328869 99.5328869,https://farm8.staticflickr.com/7828/31957261457_2870410cac_n.jpg,99.5328869,99.5328869,99.5328869
411,729,729,car,121.27529661 121.10814619 130.84020127,https://farm5.staticflickr.com/4887/31957342937_d76e06aca3_n.jpg,121.27529661,121.10814619,130.84020127
412,730,730,car,79.34102539 77.59355469 75.99449219,https://farm5.staticflickr.com/4914/31957335257_2a38d522e3_n.jpg,79.34102539,77.59355469,75.99449219
413,731,731,car,147.7613034 147.7613034 147.7613034,https://farm5.staticflickr.com/4830/31957260587_c39898726b_n.jpg,147.7613034,147.7613034,147.7613034
414,732,732,car,131.59742112 131.59742112 131.59742112,https://farm5.staticflickr.com/4851/46173688674_a4ea4e80a8_n.jpg,131.59742112,131.59742112,131.59742112
415,733,733,car,90.73107918 90.73107918 90.73107918,https://farm8.staticflickr.com/7893/31957259767_92c832abfc_n.jpg,90.73107918,90.73107918,90.73107918
416,734,734,car,125.56382484 125.56382484 125.56382484,https://farm8.staticflickr.com/7906/46173686774_81cbdd30cd_n.jpg,125.56382484,125.56382484,125.56382484
417,735,735,car,136.58697068 136.58697068 136.58697068,https://farm5.staticflickr.com/4905/31957259107_4afea7700c_n.jpg,136.58697068,136.58697068,136.58697068
418,736,736,car,103.10721774 103.10721774 103.10721774,https://farm5.staticflickr.com/4868/46173684824_66ef8c2ed9_n.jpg,103.10721774,103.10721774,103.10721774
419,737,737,car,104.30938492 104.30938492 104.30938492,https://farm5.staticflickr.com/4885/31957258407_854777bb80_n.jpg,104.30938492,104.30938492,104.30938492
420,738,738,car,116.53957661 116.53957661 116.53957661,https://farm5.staticflickr.com/4824/46846535472_c383ba2aa2_n.jpg,116.53957661,116.53957661,116.53957661
421,739,739,car,106.52705112  84.78242053  56.16677405,https://farm8.staticflickr.com/7828/46173653574_f76108aaa5_n.jpg,106.52705112,84.78242053,56.16677405
422,743,743,car,122.69605105 121.34490555  96.19315715,https://farm8.staticflickr.com/7910/46173644764_6eb599ce62_n.jpg,122.69605105,121.34490555,96.19315715
423,758,758,car,149.27029297 147.02305664 132.56764648,https://farm8.staticflickr.com/7818/46173533784_4b6e8d2116_n.jpg,149.27029297,147.02305664,132.56764648
424,759,759,car,133.74440269 131.70707081 134.57499011,https://farm5.staticflickr.com/4841/46846370892_581524c832_n.jpg,133.74440269,131.70707081,134.57499011
425,761,761,car,179.10908203 174.64267578 170.3147168 ,https://farm8.staticflickr.com/7848/46173424924_624f5f38aa_n.jpg,179.10908203,174.64267578,170.3147168
426,762,762,car,154.00640625 151.26450195 147.68988281,https://farm8.staticflickr.com/7887/46846250722_0cc0fe88aa_n.jpg,154.00640625,151.26450195,147.68988281
427,763,763,car,72.62514068 79.4909164  66.05194936,https://farm5.staticflickr.com/4829/46846219622_c7080f83b2_n.jpg,72.62514068,79.4909164,66.05194936
428,764,764,car,148.48325195  87.72091797  78.91067383,https://farm5.staticflickr.com/4912/33022878388_4625fac364_n.jpg,148.48325195,87.72091797,78.91067383
429,765,765,car,130.91058594 113.50755859 105.72249023,https://farm8.staticflickr.com/7921/45983629455_100686b414_n.jpg,130.91058594,113.50755859,105.72249023
430,766,766,car,78.18243164 78.18243164 78.18243164,https://farm5.staticflickr.com/4834/39933312803_fd90d2fe5e_n.jpg,78.18243164,78.18243164,78.18243164
431,768,768,car,96.54212891 95.07777344 96.08270508,https://farm8.staticflickr.com/7811/31957019287_b9ceba1cea_n.jpg,96.54212891,95.07777344,96.08270508
432,769,769,car,131.25525391 122.36506836 107.11839844,https://farm8.staticflickr.com/7890/46173353244_294ee222ff_n.jpg,131.25525391,122.36506836,107.11839844
433,771,771,car,105.49669922  96.75374023  89.32370117,https://farm5.staticflickr.com/4844/46898196571_883873b92d_n.jpg,105.49669922,96.75374023,89.32370117
434,772,772,car,88.45733398 78.00237305 68.39005859,https://farm8.staticflickr.com/7874/31956796057_981a191cb6_n.jpg,88.45733398,78.00237305,68.39005859
435,773,773,car,106.6422168   97.29061523  91.90130859,https://farm5.staticflickr.com/4886/45983466105_2087ce447d_n.jpg,106.6422168,97.29061523,91.90130859
436,774,774,car,116.48708008 101.81897461  90.9487207 ,https://farm8.staticflickr.com/7813/39933234493_0b74ff561c_n.jpg,116.48708008,101.81897461,90.9487207
437,775,775,car,42.06349338 29.38818295  8.88844164,https://farm5.staticflickr.com/4886/46898130981_c8cd76554e_n.jpg,42.06349338,29.38818295,8.88844164
438,778,778,car,68.58237737 73.00709059 77.64313687,https://farm5.staticflickr.com/4885/39933251613_f6586aea0b_n.jpg,68.58237737,73.00709059,77.64313687
439,779,779,car,147.9103125  156.48601562 163.77842773,https://farm8.staticflickr.com/7817/33022409268_96ff118524_n.jpg,147.9103125,156.48601562,163.77842773
440,780,780,car,88.08813542 88.08813542 88.08813542,https://farm8.staticflickr.com/7905/45983089755_578a8e24cd_n.jpg,88.08813542,88.08813542,88.08813542
441,784,784,car,99.29401367 74.14151367 68.68314453,https://farm5.staticflickr.com/4808/46897906991_2c583d5a02_n.jpg,99.29401367,74.14151367,68.68314453
442,787,787,car,150.18004729  89.69456209  88.45191201,https://farm5.staticflickr.com/4807/46172286234_07c25a4157_n.jpg,150.18004729,89.69456209,88.45191201
443,788,788,car,151.06615234 159.98109375 164.55080078,https://farm8.staticflickr.com/7834/33021904518_ec9ac0cbd9_n.jpg,151.06615234,159.98109375,164.55080078
444,789,789,car,75.23403877 74.92372429 77.48408821,https://farm8.staticflickr.com/7855/46845189302_5b31537b03_n.jpg,75.23403877,74.92372429,77.48408821
445,790,790,car,74.47075195 75.61383789 78.3684375 ,https://farm8.staticflickr.com/7877/33021869148_0ceee133f9_n.jpg,74.47075195,75.61383789,78.3684375
446,791,791,car,190.54489353 197.38042192 190.65029574,https://farm5.staticflickr.com/4892/39932269743_9218f71149_n.jpg,190.54489353,197.38042192,190.65029574
447,792,792,car,116.69012695 115.88288086 115.33871094,https://farm8.staticflickr.com/7851/39932502873_b9542256d5_n.jpg,116.69012695,115.88288086,115.33871094
448,793,793,car,103.82669922 102.31899414  99.08381836,https://farm8.staticflickr.com/7849/39932330423_8879566e8b_n.jpg,103.82669922,102.31899414,99.08381836
449,794,794,car,217.00826172 188.38044922 187.91636719,https://farm8.staticflickr.com/7840/39932291073_607c06734f_n.jpg,217.00826172,188.38044922,187.91636719
450,795,795,car,82.84575591 69.49286318 62.34987331,https://farm5.staticflickr.com/4808/45982533505_a5ebfe9e67_n.jpg,82.84575591,69.49286318,62.34987331
451,796,796,car,124.80366211 121.20574219 107.37556641,https://farm8.staticflickr.com/7858/45982513555_24e3459fc5_n.jpg,124.80366211,121.20574219,107.37556641
452,797,797,car,116.69012695 115.88288086 115.33871094,https://farm8.staticflickr.com/7851/39932502873_b9542256d5_n.jpg,116.69012695,115.88288086,115.33871094
453,798,798,car,150.18004729  89.69456209  88.45191201,https://farm5.staticflickr.com/4807/46172286234_07c25a4157_n.jpg,150.18004729,89.69456209,88.45191201
454,799,799,car,103.82669922 102.31899414  99.08381836,https://farm8.staticflickr.com/7849/39932330423_8879566e8b_n.jpg,103.82669922,102.31899414,99.08381836
455,800,800,car,151.06615234 159.98109375 164.55080078,https://farm8.staticflickr.com/7834/33021904518_ec9ac0cbd9_n.jpg,151.06615234,159.98109375,164.55080078
456,801,801,car,217.00826172 188.38044922 187.91636719,https://farm8.staticflickr.com/7840/39932291073_607c06734f_n.jpg,217.00826172,188.38044922,187.91636719
457,802,802,car,75.23403877 74.92372429 77.48408821,https://farm8.staticflickr.com/7855/46845189302_5b31537b03_n.jpg,75.23403877,74.92372429,77.48408821
458,803,803,car,82.84575591 69.49286318 62.34987331,https://farm5.staticflickr.com/4808/45982533505_a5ebfe9e67_n.jpg,82.84575591,69.49286318,62.34987331
459,804,804,car,74.47075195 75.61383789 78.3684375 ,https://farm8.staticflickr.com/7877/33021869148_0ceee133f9_n.jpg,74.47075195,75.61383789,78.3684375
460,805,805,car,190.54489353 197.38042192 190.65029574,https://farm5.staticflickr.com/4892/39932269743_9218f71149_n.jpg,190.54489353,197.38042192,190.65029574
461,806,806,car,124.80366211 121.20574219 107.37556641,https://farm8.staticflickr.com/7858/45982513555_24e3459fc5_n.jpg,124.80366211,121.20574219,107.37556641
462,807,807,car,46.05770303 47.87926951 48.0957703 ,https://farm5.staticflickr.com/4805/31955830697_ea63d016c7_n.jpg,46.05770303,47.87926951,48.0957703
463,809,809,car,146.97523958 153.38       153.18411458,https://farm5.staticflickr.com/4844/46845070042_7f7a78f7d7_n.jpg,146.97523958,153.38,153.18411458
464,810,810,car,115.61276552 115.61276552 115.61276552,https://farm5.staticflickr.com/4848/33021721248_c0bc4454b4_n.jpg,115.61276552,115.61276552,115.61276552
465,811,811,car,112.50808594  88.11386719  68.38418945,https://farm8.staticflickr.com/7901/45982370965_12d37e7748_n.jpg,112.50808594,88.11386719,68.38418945
466,812,812,car, 94.99178711  99.53550781 117.57046875,https://farm5.staticflickr.com/4842/46172063584_e79a6abe98_n.jpg,94.99178711,99.53550781,117.57046875
467,813,813,car,27.98891602 50.57275391 89.10598633,https://farm5.staticflickr.com/4804/45982277045_577113ecf0_n.jpg,27.98891602,50.57275391,89.10598633
468,814,814,car,153.79361328 140.54969727 128.90045898,https://farm8.staticflickr.com/7893/45982272645_a0713ce8c2_n.jpg,153.79361328,140.54969727,128.90045898
469,816,816,car,115.56783203 143.85060547 157.66862305,https://farm5.staticflickr.com/4900/46172073814_2d6a16b210_n.jpg,115.56783203,143.85060547,157.66862305
470,817,817,car,185.62621094 189.76880859 183.66424805,https://farm8.staticflickr.com/7888/39932002063_fb6aba0080_n.jpg,185.62621094,189.76880859,183.66424805
471,818,818,car,179.72401367 192.95976562 198.53132812,https://farm8.staticflickr.com/7919/39931925103_6e0bd3b1c3_n.jpg,179.72401367,192.95976562,198.53132812
472,819,819,car, 91.62190467  94.38973497 116.77476266,https://farm5.staticflickr.com/4842/46171869184_bee8e43fac_n.jpg,91.62190467,94.38973497,116.77476266
473,820,820,car,130.96489258 133.69243164 131.86742187,https://farm5.staticflickr.com/4893/46171838884_4a3983163a_n.jpg,130.96489258,133.69243164,131.86742187
474,822,822,car,117.43285156 103.68356445  89.00298828,https://farm5.staticflickr.com/4878/46844898072_d15926130f_n.jpg,117.43285156,103.68356445,89.00298828
475,824,824,car,73.00819336 86.05807617 96.2924707 ,https://farm5.staticflickr.com/4894/45981971015_b3040cb313_n.jpg,73.00819336,86.05807617,96.2924707
476,826,826,car,110.62149921 107.58227848  99.70039557,https://farm8.staticflickr.com/7905/33021351688_4dbbbc39c9_n.jpg,110.62149921,107.58227848,99.70039557
477,828,828,car, 89.93977539 148.64018555 187.90574219,https://farm8.staticflickr.com/7851/46896617651_3e1b7a2106_n.jpg,89.93977539,148.64018555,187.90574219
478,829,829,car, 85.43940034 103.29783573 136.28478674,https://farm8.staticflickr.com/7834/33021244228_c6a0824b17_n.jpg,85.43940034,103.29783573,136.28478674
479,830,830,car,106.00787109  91.00915039  76.04701172,https://farm8.staticflickr.com/7862/46171769854_d4f802db80_n.jpg,106.00787109,91.00915039,76.04701172
480,832,832,car,196.87502076  80.97325581  75.97803156,https://farm8.staticflickr.com/7879/39931687343_557439ac34_n.jpg,196.87502076,80.97325581,75.97803156
481,833,833,car,77.69525391 53.14083008 69.28984375,https://farm8.staticflickr.com/7890/39931661323_6ea8d0ac26_n.jpg,77.69525391,53.14083008,69.28984375
482,834,834,car,101.33061523  70.75642578  68.26612305,https://farm5.staticflickr.com/4827/39931656113_c369d86a70_n.jpg,101.33061523,70.75642578,68.26612305
483,835,835,car,93.44400391 92.27460937 90.24138672,https://farm5.staticflickr.com/4804/46896581021_3d8f5f22c3_n.jpg,93.44400391,92.27460937,90.24138672
484,836,836,car,117.36367187 118.75331055 118.28484375,https://farm8.staticflickr.com/7842/33021236068_1fdba95a22_n.jpg,117.36367187,118.75331055,118.28484375
485,837,837,car,75.2873427  83.83308515 89.2992974 ,https://farm5.staticflickr.com/4839/33021235268_2089e2cdb5_n.jpg,75.2873427,83.83308515,89.2992974
486,838,838,car,121.7509375  121.44916016 117.1225    ,https://farm8.staticflickr.com/7832/45981864505_6e411a0e69_n.jpg,121.7509375,121.44916016,117.1225
487,839,839,car,80.74991211 78.21266602 73.90079102,https://farm5.staticflickr.com/4824/31955241457_f5a1abde5a_n.jpg,80.74991211,78.21266602,73.90079102
488,840,840,car,86.02842773 83.67601563 74.76972656,https://farm8.staticflickr.com/7833/31955241207_f3e21eaae1_n.jpg,86.02842773,83.67601563,74.76972656
489,841,841,car,106.89483398 103.23488281  96.46088867,https://farm8.staticflickr.com/7837/31955241127_9c67081bf1_n.jpg,106.89483398,103.23488281,96.46088867
490,842,842,car,107.67005859 115.67828125 120.71689453,https://farm5.staticflickr.com/4819/31955240577_76a78960cf_n.jpg,107.67005859,115.67828125,120.71689453
491,843,843,car,107.39077148 105.61255859 102.52271484,https://farm8.staticflickr.com/7806/33021192948_7166c521f5_n.jpg,107.39077148,105.61255859,102.52271484
492,844,844,car,111.73224609 110.79608398 104.75214844,https://farm5.staticflickr.com/4819/46171573704_4a3a99bf6e_n.jpg,111.73224609,110.79608398,104.75214844
493,845,845,car,87.21823576 74.69886274 62.18462223,https://farm5.staticflickr.com/4852/33021163058_b133d55d80_n.jpg,87.21823576,74.69886274,62.18462223
494,846,846,car, 86.13609375 137.84908203 139.92030273,https://farm8.staticflickr.com/7853/46896484041_da62c5d953_n.jpg,86.13609375,137.84908203,139.92030273
495,847,847,car,196.08467773 162.36453125 163.26890625,https://farm8.staticflickr.com/7900/31955146157_c09bf27ff0_n.jpg,196.08467773,162.36453125,163.26890625
496,848,848,car,120.6922956  126.83565252 129.08427673,https://farm8.staticflickr.com/7842/46844286482_ccfaa58bef_n.jpg,120.6922956,126.83565252,129.08427673
497,850,850,car,118.11576751  96.30782777  99.96896376,https://farm5.staticflickr.com/4859/46896423921_8fdbd9fe42_n.jpg,118.11576751,96.30782777,99.96896376
498,851,851,car,72.77538086 75.16067383 71.32953125,https://farm8.staticflickr.com/7927/46171408394_1ef80f6120_n.jpg,72.77538086,75.16067383,71.32953125
499,852,852,car,161.51489258 138.14379883 120.53011719,https://farm5.staticflickr.com/4910/45981621145_d593a5a080_n.jpg,161.51489258,138.14379883,120.53011719
500,853,853,car,216.92211914 189.76699219 185.41922852,https://farm8.staticflickr.com/7856/46171311764_ae2a0e67ab_n.jpg,216.92211914,189.76699219,185.41922852
501,856,856,car,147.90007812 142.17631836 132.66887695,https://farm5.staticflickr.com/4849/31954868237_5ee9086fdf_n.jpg,147.90007812,142.17631836,132.66887695
502,857,857,car,149.24828125 143.79335937 134.65555664,https://farm8.staticflickr.com/7844/45981486165_fb2c994f42_n.jpg,149.24828125,143.79335937,134.65555664
503,858,858,car,92.31110352 90.12172852 83.44213867,https://farm5.staticflickr.com/4824/46844146632_74a265183b_n.jpg,92.31110352,90.12172852,83.44213867
504,859,859,car,156.95330587 156.48858521 145.26134445,https://farm8.staticflickr.com/7838/33020856948_2a06e5022f_n.jpg,156.95330587,156.48858521,145.26134445
505,861,861,car,80.28696289 79.02898437 76.76664062,https://farm8.staticflickr.com/7887/33020648048_a2decf98f9_n.jpg,80.28696289,79.02898437,76.76664062
506,863,863,car,129.8165332 129.8165332 129.8165332,https://farm8.staticflickr.com/7887/45981163955_2050d85177_n.jpg,129.8165332,129.8165332,129.8165332
507,864,864,car,164.45698646 164.45698646 164.45698646,https://farm8.staticflickr.com/7801/45981072505_9a01dbcdfb_n.jpg,164.45698646,164.45698646,164.45698646
508,866,866,car,164.07791016 165.62473633 162.66560547,https://farm8.staticflickr.com/7827/46843749412_25cf1c0797_n.jpg,164.07791016,165.62473633,162.66560547
509,867,867,car, 81.45029297 100.2399707  124.75259766,https://farm5.staticflickr.com/4824/45981012085_41b05c1155_n.jpg,81.45029297,100.2399707,124.75259766
510,868,868,car,136.96074219 138.66148437 114.21198242,https://farm8.staticflickr.com/7897/45981195285_d3990750aa_n.jpg,136.96074219,138.66148437,114.21198242
511,869,869,car,155.50666016 138.52369141 140.78957031,https://farm8.staticflickr.com/7862/33020625168_8674abe4c8_n.jpg,155.50666016,138.52369141,140.78957031
512,870,870,car,134.46141393 106.49085041  84.08709016,https://farm5.staticflickr.com/4851/31954117157_2d80b7fb99_n.jpg,134.46141393,106.49085041,84.08709016
513,871,871,car,138.71335047 147.66898734 110.66215388,https://farm8.staticflickr.com/7864/46895727011_6d71bd3ac5_n.jpg,138.71335047,147.66898734,110.66215388
514,872,872,car,140.45823242 121.66407227 114.93817383,https://farm8.staticflickr.com/7878/39930819943_a57e31278f_n.jpg,140.45823242,121.66407227,114.93817383
515,873,873,car,114.57321855 114.57321855 114.57321855,https://farm8.staticflickr.com/7886/31954363277_1e41978391_n.jpg,114.57321855,114.57321855,114.57321855
516,874,874,car,114.21178344 114.21178344 114.21178344,https://farm5.staticflickr.com/4871/46170720734_98b9cd5633_n.jpg,114.21178344,114.21178344,114.21178344
517,875,875,car,98.67997917 95.15207292 98.97730208,https://farm5.staticflickr.com/4808/31954384447_0c9081b4f4_n.jpg,98.67997917,95.15207292,98.97730208
518,878,878,car,196.28269531 200.18801758 201.43188477,https://farm8.staticflickr.com/7920/33020390728_7f76a46ae7_n.jpg,196.28269531,200.18801758,201.43188477
519,879,879,car,194.4356543  197.9421582  199.16737305,https://farm8.staticflickr.com/7880/46895669111_66aff2bdd7_n.jpg,194.4356543,197.9421582,199.16737305
520,880,880,car,205.30959961 209.32694336 211.18291992,https://farm5.staticflickr.com/4810/33020389658_c03047f97e_n.jpg,205.30959961,209.32694336,211.18291992
521,881,881,car,121.92069002 119.205862   117.44276426,https://farm5.staticflickr.com/4848/33020388268_4653f25527_n.jpg,121.92069002,119.205862,117.44276426
522,882,882,car,86.74363308 90.91863308 92.72689201,https://farm5.staticflickr.com/4834/31954353177_7583db2113_n.jpg,86.74363308,90.91863308,92.72689201
523,883,883,car,82.42581055 79.75641602 77.77149414,https://farm5.staticflickr.com/4812/46843616962_105dbc8f05_n.jpg,82.42581055,79.75641602,77.77149414
524,884,884,car,143.56530273 144.69658203 150.67689453,https://farm8.staticflickr.com/7909/39930667913_f9e5e78ef8_n.jpg,143.56530273,144.69658203,150.67689453
525,885,885,car,105.97589844 103.71293945 105.16070312,https://farm8.staticflickr.com/7824/31954189037_f8e077484b_n.jpg,105.97589844,103.71293945,105.16070312
526,886,886,car,53.59083984 53.09853516 61.15172852,https://farm8.staticflickr.com/7920/46895297621_84d350c018_n.jpg,53.59083984,53.09853516,61.15172852
527,887,887,car,93.41830078 90.02299805 89.89030273,https://farm8.staticflickr.com/7882/45980901725_82b45d4d52_n.jpg,93.41830078,90.02299805,89.89030273
528,888,888,car,55.63394531 46.60793945 66.66476563,https://farm8.staticflickr.com/7865/33020185138_90b7567285_n.jpg,55.63394531,46.60793945,66.66476563
529,889,889,car,110.78325195 103.61609375  91.56947266,https://farm5.staticflickr.com/4830/45980692295_ddd9dffbb5_n.jpg,110.78325195,103.61609375,91.56947266
